Date,Transaction
1/1/2016,42.3
1/2/2016,27.25
1/3/2016,25.76
1/4/2016,25.67
1/5/2016,26.16
1/6/2016,29.38
1/7/2016,27.08
1/8/2016,27.46
1/9/2016,27.11
1/10/2016,28.01
1/11/2016,25.09
1/12/2016,26.96
1/13/2016,25.77
1/14/2016,26.58
1/15/2016,26.93
1/16/2016,25.17
1/17/2016,24.79
1/18/2016,24.78
1/19/2016,25.71
1/20/2016,27.65
1/21/2016,27.98
1/22/2016,26.08
1/23/2016,28.27
1/24/2016,25.75
1/25/2016,25.71
1/26/2016,26.27
1/27/2016,28.76
1/28/2016,24.17
1/29/2016,29.01
1/30/2016,26.61
1/31/2016,26.73
2/1/2016,32.05
2/2/2016,30.7
2/3/2016,29.1
2/4/2016,30.12
2/5/2016,30.14
2/6/2016,29.45
2/7/2016,30.45
2/8/2016,29.89
2/9/2016,29.93
2/10/2016,29.8
2/11/2016,30.15
2/12/2016,29.46
2/13/2016,28.62
2/14/2016,31.26
2/15/2016,30.17
2/16/2016,47.24
2/17/2016,29.7
2/18/2016,28.94
2/19/2016,31.26
2/20/2016,30.83
2/21/2016,27.63
2/22/2016,24.63
2/23/2016,30.45
2/24/2016,26.32
2/25/2016,31.18
2/26/2016,31.09
2/27/2016,28.55
2/28/2016,29.63
2/29/2016,27.89
3/1/2016,31.15
3/2/2016,28.06
3/3/2016,26.8
3/4/2016,27.29
3/5/2016,32.27
3/6/2016,29.78
3/7/2016,29.52
3/8/2016,28.98
3/9/2016,27.49
3/10/2016,28.88
3/11/2016,30.44
3/12/2016,25.89
3/13/2016,28.64
3/14/2016,31.67
3/15/2016,29.91
3/16/2016,27.98
3/17/2016,31.84
3/18/2016,31.2
3/19/2016,28.41
3/20/2016,30.31
3/21/2016,28.98
3/22/2016,26.81
3/23/2016,28.71
3/24/2016,30.06
3/25/2016,30.39
3/26/2016,31.45
3/27/2016,27.84
3/28/2016,29.42
3/29/2016,30.71
3/30/2016,26.25
3/31/2016,31.31
4/1/2016,31.44
4/2/2016,31.16
4/3/2016,32.8
4/4/2016,31.08
4/5/2016,29.5
4/6/2016,30.56
4/7/2016,32.04
4/8/2016,30.39
4/9/2016,29.83
4/10/2016,33.36
4/11/2016,31.27
4/12/2016,32.51
4/13/2016,51.33
4/14/2016,48.8
4/15/2016,45.09
4/16/2016,32.02
4/17/2016,31.66
4/18/2016,31.93
4/19/2016,33.56
4/20/2016,31.89
4/21/2016,29.93
4/22/2016,31.8
4/23/2016,31.06
4/24/2016,30.65
4/25/2016,31.65
4/26/2016,30.76
4/27/2016,30.89
4/28/2016,31.41
4/29/2016,31.42
4/30/2016,30.49
5/1/2016,28.76
5/2/2016,28.56
5/3/2016,26.86
5/4/2016,29.42
5/5/2016,28.78
5/6/2016,27.41
5/7/2016,29.65
5/8/2016,28.01
5/9/2016,26.64
5/10/2016,28.8
5/11/2016,27.66
5/12/2016,27.46
5/13/2016,27.2
5/14/2016,25.7
5/15/2016,27.63
5/16/2016,25.55
5/17/2016,26.79
5/18/2016,25.9
5/19/2016,25.97
5/20/2016,26.76
5/21/2016,29.58
5/22/2016,26.28
5/23/2016,29.62
5/24/2016,28.52
5/25/2016,28.73
5/26/2016,39.71
5/27/2016,24.43
5/28/2016,28.91
5/29/2016,25.14
5/30/2016,26.36
5/31/2016,28.97
6/1/2016,30.84
6/2/2016,27.48
6/3/2016,23.87
6/4/2016,27.52
6/5/2016,29.84
6/6/2016,27.53
6/7/2016,30.11
6/8/2016,29.79
6/9/2016,27.71
6/10/2016,28.39
6/11/2016,29.64
6/12/2016,27.55
6/13/2016,29.57
6/14/2016,26.03
6/15/2016,30.65
6/16/2016,28.54
6/17/2016,26.94
6/18/2016,30.21
6/19/2016,27.23
6/20/2016,29.34
6/21/2016,29.56
6/22/2016,30.96
6/23/2016,28.39
6/24/2016,31.13
6/25/2016,25.2
6/26/2016,26.61
6/27/2016,30.23
6/28/2016,27.08
6/29/2016,27.95
6/30/2016,29.89
7/1/2016,29.35
7/2/2016,31.21
7/3/2016,31.92
7/4/2016,28.82
7/5/2016,31.71
7/6/2016,31.75
7/7/2016,30.61
7/8/2016,28.07
7/9/2016,27.84
7/10/2016,29.07
7/11/2016,30.21
7/12/2016,31.31
7/13/2016,31.44
7/14/2016,30.76
7/15/2016,31.52
7/16/2016,30.61
7/17/2016,31.04
7/18/2016,34.16
7/19/2016,32.22
7/20/2016,32.77
7/21/2016,28.61
7/22/2016,31.89
7/23/2016,32.51
7/24/2016,29.85
7/25/2016,30.6
7/26/2016,28.32
7/27/2016,26.68
7/28/2016,31.36
7/29/2016,30.58
7/30/2016,32.88
7/31/2016,30.63
8/1/2016,31.67
8/2/2016,34.42
8/3/2016,32.34
8/4/2016,31.26
8/5/2016,32.92
8/6/2016,30.75
8/7/2016,31.15
8/8/2016,31.96
8/9/2016,35.64
8/10/2016,32.04
8/11/2016,32.36
8/12/2016,34.01
8/13/2016,29.48
8/14/2016,32.61
8/15/2016,31.37
8/16/2016,31.44
8/17/2016,30.82
8/18/2016,29.09
8/19/2016,30.88
8/20/2016,30.53
8/21/2016,30.5
8/22/2016,31
8/23/2016,32.2
8/24/2016,29.1
8/25/2016,32.49
8/26/2016,31.32
8/27/2016,27.74
8/28/2016,29.94
8/29/2016,35.91
8/30/2016,34.34
8/31/2016,35.05
9/1/2016,31.94
9/2/2016,33.82
9/3/2016,34.56
9/4/2016,33.97
9/5/2016,30.75
9/6/2016,37.17
9/7/2016,33.58
9/8/2016,32.19
9/9/2016,32.6
9/10/2016,30.45
9/11/2016,35.22
9/12/2016,35.29
9/13/2016,35.06
9/14/2016,34.21
9/15/2016,35.33
9/16/2016,31.08
9/17/2016,36.81
9/18/2016,34.92
9/19/2016,34.45
9/20/2016,35.48
9/21/2016,33.33
9/22/2016,32.85
9/23/2016,32.67
9/24/2016,35.22
9/25/2016,35.28
9/26/2016,35.98
9/27/2016,32.73
9/28/2016,33.59
9/29/2016,33.31
9/30/2016,30.06
10/1/2016,30.11
10/2/2016,36.66
10/3/2016,33.47
10/4/2016,34.12
10/5/2016,33.66
10/6/2016,34.41
10/7/2016,34.15
10/8/2016,32.99
10/9/2016,33.98
10/10/2016,35.09
10/11/2016,37.31
10/12/2016,37.28
10/13/2016,34.2
10/14/2016,36.37
10/15/2016,33.59
10/16/2016,34.13
10/17/2016,34.23
10/18/2016,36.42
10/19/2016,32.53
10/20/2016,34.63
10/21/2016,32.84
10/22/2016,32.19
10/23/2016,36.39
10/24/2016,37.47
10/25/2016,35.25
10/26/2016,34.24
10/27/2016,33.46
10/28/2016,33.21
10/29/2016,32.52
10/30/2016,34.49
10/31/2016,35.04
11/1/2016,36.87
11/2/2016,30.97
11/3/2016,33.31
11/4/2016,34.51
11/5/2016,32.92
11/6/2016,32.29
11/7/2016,31.31
11/8/2016,48.88
11/9/2016,49.76
11/10/2016,34.62
11/11/2016,31.88
11/12/2016,33.14
11/13/2016,33.63
11/14/2016,35.76
11/15/2016,36.71
11/16/2016,33.81
11/17/2016,35.78
11/18/2016,35.44
11/19/2016,33.09
11/20/2016,34.54
11/21/2016,36.06
11/22/2016,33.13
11/23/2016,33.76
11/24/2016,37.53
11/25/2016,36.1
11/26/2016,35
11/27/2016,34.38
11/28/2016,31.26
11/29/2016,32.22
11/30/2016,34.89
12/1/2016,30.94
12/2/2016,28.85
12/3/2016,34.5
12/4/2016,35.09
12/5/2016,31.34
12/6/2016,35.15
12/7/2016,30.8
12/8/2016,32.08
12/9/2016,32.35
12/10/2016,35.57
12/11/2016,31.5
12/12/2016,31.81
12/13/2016,30.85
12/14/2016,34.33
12/15/2016,32.8
12/16/2016,29.62
12/17/2016,32.54
12/18/2016,32.49
12/19/2016,34.52
12/20/2016,29.82
12/21/2016,36.7
12/22/2016,32.71
12/23/2016,32.49
12/24/2016,30.6
12/25/2016,32.88
12/26/2016,33.14
12/27/2016,31.62
12/28/2016,31.57
12/29/2016,28.83
12/30/2016,35.18
12/31/2016,31.85
1/1/2017,48.35
1/2/2017,31.43
1/3/2017,36.39
1/4/2017,32.36
1/5/2017,31.88
1/6/2017,31.3
1/7/2017,32.13
1/8/2017,34.12
1/9/2017,31.25
1/10/2017,31.4
1/11/2017,32.21
1/12/2017,33.98
1/13/2017,30.59
1/14/2017,31.78
1/15/2017,33.26
1/16/2017,32.13
1/17/2017,33.37
1/18/2017,33.56
1/19/2017,33.23
1/20/2017,34.76
1/21/2017,34.96
1/22/2017,33.69
1/23/2017,33.79
1/24/2017,34.62
1/25/2017,33.26
1/26/2017,37.42
1/27/2017,32.4
1/28/2017,32.76
1/29/2017,34.88
1/30/2017,30.15
1/31/2017,30.54
2/1/2017,35.94
2/2/2017,37.18
2/3/2017,37.26
2/4/2017,39.58
2/5/2017,34.1
2/6/2017,36.15
2/7/2017,37.04
2/8/2017,33.66
2/9/2017,34.8
2/10/2017,35.74
2/11/2017,35.24
2/12/2017,36.5
2/13/2017,34.8
2/14/2017,35.7
2/15/2017,36.44
2/16/2017,52.75
2/17/2017,35.56
2/18/2017,35.02
2/19/2017,35.6
2/20/2017,33.43
2/21/2017,34.69
2/22/2017,34.24
2/23/2017,35.8
2/24/2017,39.23
2/25/2017,37.1
2/26/2017,32.75
2/27/2017,37.65
2/28/2017,36.76
3/1/2017,36.64
3/2/2017,36.37
3/3/2017,37.16
3/4/2017,35.75
3/5/2017,37
3/6/2017,32.62
3/7/2017,35.09
3/8/2017,33.56
3/9/2017,32.95
3/10/2017,33.89
3/11/2017,36.62
3/12/2017,34.89
3/13/2017,30.58
3/14/2017,33.81
3/15/2017,34.6
3/16/2017,35.03
3/17/2017,35.52
3/18/2017,36.48
3/19/2017,37.43
3/20/2017,35.61
3/21/2017,34.68
3/22/2017,35.87
3/23/2017,34.25
3/24/2017,32.58
3/25/2017,37.03
3/26/2017,36.3
3/27/2017,32.67
3/28/2017,35.04
3/29/2017,33.41
3/30/2017,35.8
3/31/2017,36.61
4/1/2017,40.6
4/2/2017,38.62
4/3/2017,38.12
4/4/2017,37.55
4/5/2017,39.21
4/6/2017,36.66
4/7/2017,37.93
4/8/2017,39.25
4/9/2017,36.91
4/10/2017,37.5
4/11/2017,39.16
4/12/2017,37.09
4/13/2017,56.22
4/14/2017,64.4
4/15/2017,56.21
4/16/2017,38.99
4/17/2017,38.87
4/18/2017,40.98
4/19/2017,36.44
4/20/2017,39.85
4/21/2017,39.54
4/22/2017,42.28
4/23/2017,39.87
4/24/2017,40.91
4/25/2017,36.55
4/26/2017,36.8
4/27/2017,38.05
4/28/2017,40.73
4/29/2017,35.08
4/30/2017,41.04
5/1/2017,41.97
5/2/2017,38.15
5/3/2017,38.7
5/4/2017,34.24
5/5/2017,36.81
5/6/2017,33.69
5/7/2017,40.22
5/8/2017,38.73
5/9/2017,36.72
5/10/2017,34.89
5/11/2017,37.29
5/12/2017,36.66
5/13/2017,40.97
5/14/2017,37.14
5/15/2017,38.88
5/16/2017,37.7
5/17/2017,36.46
5/18/2017,38.29
5/19/2017,37.6
5/20/2017,34.48
5/21/2017,37.77
5/22/2017,37.82
5/23/2017,40.68
5/24/2017,38.48
5/25/2017,35.68
5/26/2017,57.68
5/27/2017,40.41
5/28/2017,35.46
5/29/2017,38.52
5/30/2017,40.32
5/31/2017,41.95
6/1/2017,40.82
6/2/2017,39.39
6/3/2017,41.7
6/4/2017,36.62
6/5/2017,38.88
6/6/2017,39.03
6/7/2017,38.69
6/8/2017,41.01
6/9/2017,41.99
6/10/2017,39.49
6/11/2017,39.36
6/12/2017,37.31
6/13/2017,37.13
6/14/2017,40.02
6/15/2017,36.87
6/16/2017,39.65
6/17/2017,42.14
6/18/2017,38.51
6/19/2017,37.79
6/20/2017,39.65
6/21/2017,40.24
6/22/2017,38.37
6/23/2017,38.26
6/24/2017,38.48
6/25/2017,41.42
6/26/2017,39.95
6/27/2017,40.17
6/28/2017,42.52
6/29/2017,42.49
6/30/2017,40.5
7/1/2017,37.19
7/2/2017,34.73
7/3/2017,38.7
7/4/2017,35.81
7/5/2017,39.58
7/6/2017,36.66
7/7/2017,36.99
7/8/2017,33.2
7/9/2017,37.62
7/10/2017,36.34
7/11/2017,37.56
7/12/2017,35.12
7/13/2017,38.23
7/14/2017,35.2
7/15/2017,35.25
7/16/2017,35.61
7/17/2017,35.19
7/18/2017,35.12
7/19/2017,35.83
7/20/2017,33.31
7/21/2017,38.09
7/22/2017,34.74
7/23/2017,37.2
7/24/2017,38.26
7/25/2017,35.02
7/26/2017,38.04
7/27/2017,39.64
7/28/2017,35.13
7/29/2017,39.71
7/30/2017,36.25
7/31/2017,33.35
8/1/2017,34.95
8/2/2017,36.91
8/3/2017,35.71
8/4/2017,35.68
8/5/2017,33.3
8/6/2017,36.39
8/7/2017,34.4
8/8/2017,35.08
8/9/2017,36.95
8/10/2017,34.81
8/11/2017,36.81
8/12/2017,37.66
8/13/2017,37.88
8/14/2017,38.62
8/15/2017,36.65
8/16/2017,33.43
8/17/2017,37.18
8/18/2017,38.72
8/19/2017,32.15
8/20/2017,36.13
8/21/2017,38.3
8/22/2017,35.57
8/23/2017,33.86
8/24/2017,35.85
8/25/2017,36.92
8/26/2017,36.91
8/27/2017,35.91
8/28/2017,38.03
8/29/2017,38.92
8/30/2017,34.52
8/31/2017,40.09
9/1/2017,37.34
9/2/2017,37.67
9/3/2017,38.75
9/4/2017,44.21
9/5/2017,43.91
9/6/2017,45.41
9/7/2017,40.09
9/8/2017,40.22
9/9/2017,42.63
9/10/2017,42.91
9/11/2017,42.19
9/12/2017,45.65
9/13/2017,40.48
9/14/2017,41.27
9/15/2017,39.95
9/16/2017,40.8
9/17/2017,41.03
9/18/2017,40.67
9/19/2017,42.55
9/20/2017,42.2
9/21/2017,41.53
9/22/2017,40.31
9/23/2017,42.99
9/24/2017,41.56
9/25/2017,42.3
9/26/2017,42
9/27/2017,41.77
9/28/2017,40.95
9/29/2017,40.87
9/30/2017,40.66
10/1/2017,40.47
10/2/2017,40.78
10/3/2017,41.35
10/4/2017,43.76
10/5/2017,42.51
10/6/2017,38.63
10/7/2017,37.98
10/8/2017,38.89
10/9/2017,44.75
10/10/2017,38.8
10/11/2017,42.08
10/12/2017,41.25
10/13/2017,42.23
10/14/2017,37.65
10/15/2017,44.29
10/16/2017,38.45
10/17/2017,39.45
10/18/2017,40.02
10/19/2017,40.92
10/20/2017,40.82
10/21/2017,40.19
10/22/2017,40.68
10/23/2017,38.37
10/24/2017,41.69
10/25/2017,40.38
10/26/2017,41.67
10/27/2017,35.36
10/28/2017,42.1
10/29/2017,44.05
10/30/2017,39.68
10/31/2017,37.45
11/1/2017,44.29
11/2/2017,39.89
11/3/2017,39.18
11/4/2017,45.1
11/5/2017,44.42
11/6/2017,44.13
11/7/2017,42.23
11/8/2017,74.04
11/9/2017,70.33
11/10/2017,43.3
11/11/2017,42.61
11/12/2017,42.52
11/13/2017,43.39
11/14/2017,43.26
11/15/2017,45.67
11/16/2017,44.27
11/17/2017,48.55
11/18/2017,43.54
11/19/2017,47.7
11/20/2017,45.42
11/21/2017,45
11/22/2017,44.48
11/23/2017,41.45
11/24/2017,42.66
11/25/2017,43.46
11/26/2017,42.26
11/27/2017,43.12
11/28/2017,43.37
11/29/2017,45.57
11/30/2017,39.74
12/1/2017,42.03
12/2/2017,42.02
12/3/2017,42.59
12/4/2017,42.67
12/5/2017,43.24
12/6/2017,45.75
12/7/2017,42.81
12/8/2017,44.98
12/9/2017,40.42
12/10/2017,42.96
12/11/2017,42.81
12/12/2017,45.57
12/13/2017,43.08
12/14/2017,41.14
12/15/2017,45.87
12/16/2017,44.75
12/17/2017,40.78
12/18/2017,43.23
12/19/2017,43.5
12/20/2017,44.59
12/21/2017,43.35
12/22/2017,40.03
12/23/2017,45.33
12/24/2017,43.94
12/25/2017,43.71
12/26/2017,40.27
12/27/2017,42.22
12/28/2017,40.53
12/29/2017,42.98
12/30/2017,40.77
12/31/2017,44
1/1/2018,63.68
1/2/2018,41.29
1/3/2018,43.65
1/4/2018,39.94
1/5/2018,40.75
1/6/2018,44.04
1/7/2018,45.18
1/8/2018,43.47
1/9/2018,44.92
1/10/2018,41.93
1/11/2018,38.34
1/12/2018,39.22
1/13/2018,45.68
1/14/2018,41.27
1/15/2018,43.51
1/16/2018,36.94
1/17/2018,39.61
1/18/2018,43.52
1/19/2018,39.65
1/20/2018,47.42
1/21/2018,43.73
1/22/2018,39.18
1/23/2018,42.8
1/24/2018,41.01
1/25/2018,39.23
1/26/2018,40.41
1/27/2018,43.4
1/28/2018,40.26
1/29/2018,42.44
1/30/2018,41.04
1/31/2018,48.04
2/1/2018,42.36
2/2/2018,46.95
2/3/2018,46.27
2/4/2018,48.64
2/5/2018,45.16
2/6/2018,44.96
2/7/2018,42.85
2/8/2018,43.96
2/9/2018,45.28
2/10/2018,46.42
2/11/2018,45.65
2/12/2018,45.81
2/13/2018,44.34
2/14/2018,47.99
2/15/2018,48.84
2/16/2018,68.37
2/17/2018,48.41
2/18/2018,47.81
2/19/2018,47.53
2/20/2018,46.12
2/21/2018,42.21
2/22/2018,45.6
2/23/2018,45.43
2/24/2018,43.96
2/25/2018,47.92
2/26/2018,45.25
2/27/2018,47.64
2/28/2018,46.31
3/1/2018,39.85
3/2/2018,42.73
3/3/2018,41.34
3/4/2018,39.26
3/5/2018,41.05
3/6/2018,39.76
3/7/2018,36.95
3/8/2018,41.11
3/9/2018,41.53
3/10/2018,43.38
3/11/2018,41.36
3/12/2018,39.58
3/13/2018,41.78
3/14/2018,39.16
3/15/2018,39.27
3/16/2018,41.28
3/17/2018,40.76
3/18/2018,39.19
3/19/2018,42.12
3/20/2018,41.48
3/21/2018,41.37
3/22/2018,40.86
3/23/2018,42.83
3/24/2018,39.76
3/25/2018,43.3
3/26/2018,40.57
3/27/2018,41.94
3/28/2018,40.77
3/29/2018,42.76
3/30/2018,42.92
3/31/2018,43.8
4/1/2018,43.12
4/2/2018,44.97
4/3/2018,48.29
4/4/2018,45.4
4/5/2018,43.21
4/6/2018,49.15
4/7/2018,43.74
4/8/2018,48.01
4/9/2018,45.27
4/10/2018,44.69
4/11/2018,49.03
4/12/2018,49.25
4/13/2018,65.34
4/14/2018,76.92
4/15/2018,70.11
4/16/2018,48.06
4/17/2018,48.15
4/18/2018,44.98
4/19/2018,43.67
4/20/2018,44.01
4/21/2018,46.55
4/22/2018,45.07
4/23/2018,45.67
4/24/2018,44.74
4/25/2018,45.03
4/26/2018,47.13
4/27/2018,50.14
4/28/2018,47.37
4/29/2018,47.06
4/30/2018,44.85
5/1/2018,48.48
5/2/2018,47.3
5/3/2018,40.92
5/4/2018,47.42
5/5/2018,42.64
5/6/2018,45.54
5/7/2018,48.93
5/8/2018,46.85
5/9/2018,46.24
5/10/2018,44.1
5/11/2018,45.1
5/12/2018,44.73
5/13/2018,48.56
5/14/2018,47.22
5/15/2018,45.66
5/16/2018,45.85
5/17/2018,41.26
5/18/2018,47.24
5/19/2018,45.98
5/20/2018,45.84
5/21/2018,46.45
5/22/2018,44.2
5/23/2018,46.75
5/24/2018,44.31
5/25/2018,46.07
5/26/2018,74.9
5/27/2018,48.07
5/28/2018,43.82
5/29/2018,47.84
5/30/2018,45.42
5/31/2018,47.92
6/1/2018,50.35
6/2/2018,49.7
6/3/2018,54.58
6/4/2018,44.87
6/5/2018,46.9
6/6/2018,48.75
6/7/2018,52.68
6/8/2018,50.58
6/9/2018,49.16
6/10/2018,47.6
6/11/2018,48.67
6/12/2018,49.37
6/13/2018,52.18
6/14/2018,50.13
6/15/2018,49.88
6/16/2018,49.84
6/17/2018,47.23
6/18/2018,46.76
6/19/2018,45.99
6/20/2018,50.04
6/21/2018,48.31
6/22/2018,51.15
6/23/2018,49
6/24/2018,47.5
6/25/2018,50.52
6/26/2018,45.69
6/27/2018,49.8
6/28/2018,45.92
6/29/2018,52.73
6/30/2018,50.7
7/1/2018,48.51
7/2/2018,45.34
7/3/2018,45.11
7/4/2018,46.75
7/5/2018,46.49
7/6/2018,50.53
7/7/2018,45.42
7/8/2018,45.26
7/9/2018,50.32
7/10/2018,40.69
7/11/2018,46.62
7/12/2018,49.76
7/13/2018,52.3
7/14/2018,49.52
7/15/2018,47.89
7/16/2018,49.93
7/17/2018,48.12
7/18/2018,43.15
7/19/2018,45.1
7/20/2018,47.25
7/21/2018,45.03
7/22/2018,50.95
7/23/2018,47.83
7/24/2018,43.39
7/25/2018,46.58
7/26/2018,48.07
7/27/2018,47.14
7/28/2018,49.32
7/29/2018,48.88
7/30/2018,50.34
7/31/2018,46.52
8/1/2018,48.75
8/2/2018,48.49
8/3/2018,50.99
8/4/2018,53.31
8/5/2018,47.67
8/6/2018,48.31
8/7/2018,48.89
8/8/2018,46.33
8/9/2018,46.17
8/10/2018,47.83
8/11/2018,46.22
8/12/2018,55.46
8/13/2018,52.15
8/14/2018,50.97
8/15/2018,49.5
8/16/2018,50.01
8/17/2018,49.45
8/18/2018,49.33
8/19/2018,50.63
8/20/2018,52.67
8/21/2018,52.33
8/22/2018,50.11
8/23/2018,50.33
8/24/2018,50.77
8/25/2018,46.8
8/26/2018,51.96
8/27/2018,46.15
8/28/2018,56.54
8/29/2018,48.58
8/30/2018,48.67
8/31/2018,46.93
9/1/2018,45.67
9/2/2018,50.46
9/3/2018,48.22
9/4/2018,50.59
9/5/2018,48.04
9/6/2018,50.4
9/7/2018,46.1
9/8/2018,48.79
9/9/2018,47.12
9/10/2018,52.62
9/11/2018,53.35
9/12/2018,47.01
9/13/2018,52.3
9/14/2018,48.09
9/15/2018,52.07
9/16/2018,46.94
9/17/2018,50.28
9/18/2018,48.59
9/19/2018,50.98
9/20/2018,51.48
9/21/2018,47.72
9/22/2018,49.27
9/23/2018,46.2
9/24/2018,48.13
9/25/2018,47.86
9/26/2018,52.41
9/27/2018,46.58
9/28/2018,49.12
9/29/2018,45.35
9/30/2018,49.31
10/1/2018,48.56
10/2/2018,49.07
10/3/2018,45.83
10/4/2018,45.8
10/5/2018,49.93
10/6/2018,45.63
10/7/2018,44.3
10/8/2018,45.47
10/9/2018,47.97
10/10/2018,45.74
10/11/2018,49.52
10/12/2018,42.01
10/13/2018,45.31
10/14/2018,47.24
10/15/2018,49.79
10/16/2018,45.25
10/17/2018,47.54
10/18/2018,46.88
10/19/2018,42.79
10/20/2018,47.58
10/21/2018,44.03
10/22/2018,42.49
10/23/2018,46.02
10/24/2018,49.32
10/25/2018,47.35
10/26/2018,41.48
10/27/2018,50.48
10/28/2018,47.39
10/29/2018,47.78
10/30/2018,48.32
10/31/2018,48.42
11/1/2018,50.03
11/2/2018,50.99
11/3/2018,55.33
11/4/2018,51.86
11/5/2018,53.2
11/6/2018,53.47
11/7/2018,46.75
11/8/2018,88.32
11/9/2018,73.77
11/10/2018,53.22
11/11/2018,55.18
11/12/2018,49.74
11/13/2018,55.43
11/14/2018,56.24
11/15/2018,54.09
11/16/2018,48.98
11/17/2018,54.87
11/18/2018,48.72
11/19/2018,50.4
11/20/2018,54.18
11/21/2018,50.14
11/22/2018,48.51
11/23/2018,46.97
11/24/2018,52
11/25/2018,54.9
11/26/2018,48.02
11/27/2018,51.1
11/28/2018,51.95
11/29/2018,54.37
11/30/2018,47.58
12/1/2018,53.18
12/2/2018,46.78
12/3/2018,51.47
12/4/2018,53.69
12/5/2018,45.88
12/6/2018,50.86
12/7/2018,51.26
12/8/2018,50.38
12/9/2018,53.07
12/10/2018,49.7
12/11/2018,53.53
12/12/2018,52.19
12/13/2018,51.55
12/14/2018,48.49
12/15/2018,48.45
12/16/2018,48.77
12/17/2018,52.08
12/18/2018,56.43
12/19/2018,51.59
12/20/2018,49.98
12/21/2018,50.2
12/22/2018,55.57
12/23/2018,53.45
12/24/2018,50.47
12/25/2018,53
12/26/2018,51.35
12/27/2018,48.62
12/28/2018,53.04
12/29/2018,51.95
12/30/2018,48.82
12/31/2018,51.43
1/1/2019,75.33
1/2/2019,52.14
1/3/2019,59.95
1/4/2019,55.5
1/5/2019,54.62
1/6/2019,56.87
1/7/2019,53.34
1/8/2019,52.12
1/9/2019,50.89
1/10/2019,51.26
1/11/2019,56.08
1/12/2019,54.61
1/13/2019,52.84
1/14/2019,52.54
1/15/2019,52.82
1/16/2019,55.16
1/17/2019,48.43
1/18/2019,52.13
1/19/2019,48.66
1/20/2019,55.19
1/21/2019,47.52
1/22/2019,56.26
1/23/2019,59.37
1/24/2019,51.94
1/25/2019,54.67
1/26/2019,57.08
1/27/2019,53.8
1/28/2019,55.27
1/29/2019,54.24
1/30/2019,53.07
1/31/2019,50.25
2/1/2019,57.31
2/2/2019,60.69
2/3/2019,57.76
2/4/2019,57.02
2/5/2019,53.63
2/6/2019,58.41
2/7/2019,57.26
2/8/2019,61.63
2/9/2019,52.65
2/10/2019,55.81
2/11/2019,55.05
2/12/2019,56.91
2/13/2019,52.29
2/14/2019,54.87
2/15/2019,58.74
2/16/2019,81.45
2/17/2019,55.64
2/18/2019,60.25
2/19/2019,57.26
2/20/2019,57.43
2/21/2019,57.33
2/22/2019,54.14
2/23/2019,56.4
2/24/2019,61.74
2/25/2019,54.69
2/26/2019,59.04
2/27/2019,58.78
2/28/2019,55.19
3/1/2019,52.22
3/2/2019,50.47
3/3/2019,52.91
3/4/2019,52.09
3/5/2019,55.43
3/6/2019,51.15
3/7/2019,50.77
3/8/2019,50.32
3/9/2019,48.83
3/10/2019,52.68
3/11/2019,51.77
3/12/2019,50.42
3/13/2019,50.41
3/14/2019,49.64
3/15/2019,50.91
3/16/2019,48.95
3/17/2019,54.63
3/18/2019,46.62
3/19/2019,53.93
3/20/2019,55
3/21/2019,46.6
3/22/2019,48.84
3/23/2019,52.53
3/24/2019,51.6
3/25/2019,55.05
3/26/2019,54.4
3/27/2019,51.14
3/28/2019,52.05
3/29/2019,53.12
3/30/2019,55.7
3/31/2019,49.31
4/1/2019,56.06
4/2/2019,46.89
4/3/2019,56.13
4/4/2019,55.36
4/5/2019,54.29
4/6/2019,58.37
4/7/2019,54.55
4/8/2019,53.46
4/9/2019,51.3
4/10/2019,56.63
4/11/2019,50.88
4/12/2019,54.67
4/13/2019,82.42
4/14/2019,77.19
4/15/2019,81.44
4/16/2019,54.25
4/17/2019,54.98
4/18/2019,51.45
4/19/2019,52.17
4/20/2019,54.16
4/21/2019,52.94
4/22/2019,54.22
4/23/2019,50.76
4/24/2019,56.08
4/25/2019,53.82
4/26/2019,54.44
4/27/2019,56.24
4/28/2019,53.21
4/29/2019,54.63
4/30/2019,55.28
5/1/2019,54.73
5/2/2019,48.71
5/3/2019,59.04
5/4/2019,52.39
5/5/2019,55.77
5/6/2019,53.45
5/7/2019,50.87
5/8/2019,53.52
5/9/2019,54.12
5/10/2019,52.37
5/11/2019,54.73
5/12/2019,55.68
5/13/2019,53.24
5/14/2019,53.07
5/15/2019,52.03
5/16/2019,53.5
5/17/2019,55.13
5/18/2019,51.61
5/19/2019,49.83
5/20/2019,54.39
5/21/2019,51.69
5/22/2019,49.5
5/23/2019,55.82
5/24/2019,50.3
5/25/2019,55.19
5/26/2019,82.34
5/27/2019,52.79
5/28/2019,51.24
5/29/2019,53.98
5/30/2019,53.08
5/31/2019,50.54
6/1/2019,59.51
6/2/2019,57.54
6/3/2019,52.96
6/4/2019,54.44
6/5/2019,59.08
6/6/2019,56.68
6/7/2019,54.62
6/8/2019,52.52
6/9/2019,57.79
6/10/2019,57.7
6/11/2019,59.89
6/12/2019,55.52
6/13/2019,57.26
6/14/2019,54.77
6/15/2019,57.73
6/16/2019,56.05
6/17/2019,55.86
6/18/2019,59.32
6/19/2019,64.39
6/20/2019,56.26
6/21/2019,58.65
6/22/2019,55.92
6/23/2019,57.88
6/24/2019,54.21
6/25/2019,57.4
6/26/2019,55.42
6/27/2019,54.92
6/28/2019,52.7
6/29/2019,56.12
6/30/2019,55.1
7/1/2019,55.29
7/2/2019,53.6
7/3/2019,60.48
7/4/2019,56.83
7/5/2019,62.17
7/6/2019,58.7
7/7/2019,59.93
7/8/2019,58.86
7/9/2019,60.77
7/10/2019,54.69
7/11/2019,51.36
7/12/2019,55.47
7/13/2019,52.96
7/14/2019,51.81
7/15/2019,53.5
7/16/2019,58.61
7/17/2019,53.77
7/18/2019,53.83
7/19/2019,53.24
7/20/2019,53.58
7/21/2019,50.57
7/22/2019,57.38
7/23/2019,57.48
7/24/2019,59.41
7/25/2019,53.47
7/26/2019,55.05
7/27/2019,60.18
7/28/2019,52.46
7/29/2019,57.23
7/30/2019,60.44
7/31/2019,58.33
8/1/2019,60.98
8/2/2019,55.86
8/3/2019,55.42
8/4/2019,54.22
8/5/2019,59.48
8/6/2019,55.78
8/7/2019,56.37
8/8/2019,58.78
8/9/2019,54.08
8/10/2019,55.59
8/11/2019,58.57
8/12/2019,60.76
8/13/2019,55.94
8/14/2019,60.26
8/15/2019,57.21
8/16/2019,60.53
8/17/2019,62.05
8/18/2019,52.43
8/19/2019,61.54
8/20/2019,57.28
8/21/2019,58.41
8/22/2019,58.46
8/23/2019,64.51
8/24/2019,64.45
8/25/2019,62.17
8/26/2019,58.06
8/27/2019,55.43
8/28/2019,56.55
8/29/2019,52.64
8/30/2019,58.13
8/31/2019,52.64
9/1/2019,59.94
9/2/2019,57.17
9/3/2019,55.91
9/4/2019,57.79
9/5/2019,60.37
9/6/2019,58.58
9/7/2019,58.36
9/8/2019,62.07
9/9/2019,58.67
9/10/2019,54.36
9/11/2019,54.7
9/12/2019,58.31
9/13/2019,60.61
9/14/2019,52.93
9/15/2019,62.69
9/16/2019,60.21
9/17/2019,62.19
9/18/2019,61.52
9/19/2019,59.13
9/20/2019,56.96
9/21/2019,57.09
9/22/2019,59.71
9/23/2019,56.85
9/24/2019,57.95
9/25/2019,55.81
9/26/2019,62.01
9/27/2019,58.96
9/28/2019,55.63
9/29/2019,58.92
9/30/2019,57.63
10/1/2019,57.05
10/2/2019,57.38
10/3/2019,52.8
10/4/2019,57.82
10/5/2019,57.88
10/6/2019,55.17
10/7/2019,54.68
10/8/2019,53.02
10/9/2019,56.61
10/10/2019,58.31
10/11/2019,57.75
10/12/2019,61.37
10/13/2019,58.06
10/14/2019,53.07
10/15/2019,52.63
10/16/2019,51.9
10/17/2019,57.36
10/18/2019,59.55
10/19/2019,55.69
10/20/2019,59.53
10/21/2019,54.96
10/22/2019,57.65
10/23/2019,50.59
10/24/2019,53.27
10/25/2019,59.68
10/26/2019,60.9
10/27/2019,52.51
10/28/2019,57.99
10/29/2019,56.67
10/30/2019,58.61
10/31/2019,53.73
11/1/2019,51.54
11/2/2019,57.62
11/3/2019,55.9
11/4/2019,60.6
11/5/2019,53.93
11/6/2019,60.12
11/7/2019,58.38
11/8/2019,83.77
11/9/2019,90.72
11/10/2019,55.27
11/11/2019,61.39
11/12/2019,61.98
11/13/2019,55.23
11/14/2019,60.26
11/15/2019,59.04
11/16/2019,55.11
11/17/2019,60.25
11/18/2019,58.09
11/19/2019,56.57
11/20/2019,57.36
11/21/2019,63.25
11/22/2019,56.84
11/23/2019,59.02
11/24/2019,58.76
11/25/2019,58.85
11/26/2019,58.05
11/27/2019,58.26
11/28/2019,56.42
11/29/2019,56.61
11/30/2019,54.8
12/1/2019,57.95
12/2/2019,57.48
12/3/2019,61.6
12/4/2019,60.08
12/5/2019,52.53
12/6/2019,58.45
12/7/2019,55.46
12/8/2019,62.92
12/9/2019,59.46
12/10/2019,62.79
12/11/2019,55.84
12/12/2019,57.85
12/13/2019,59.65
12/14/2019,59.88
12/15/2019,59.69
12/16/2019,53.59
12/17/2019,57.38
12/18/2019,62.65
12/19/2019,60.36
12/20/2019,52.56
12/21/2019,56.95
12/22/2019,56.86
12/23/2019,59.04
12/24/2019,58.11
12/25/2019,62.43
12/26/2019,62.35
12/27/2019,58.26
12/28/2019,57.6
12/29/2019,62.84
12/30/2019,60.79
12/31/2019,63.1
1/1/2020,93.06
1/2/2020,57.2
1/3/2020,59.36
1/4/2020,59.77
1/5/2020,61.04
1/6/2020,58.01
1/7/2020,59.71
1/8/2020,59.85
1/9/2020,59.38
1/10/2020,57.11
1/11/2020,58.47
1/12/2020,61.16
1/13/2020,58.07
1/14/2020,60.92
1/15/2020,60.81
1/16/2020,59.91
1/17/2020,61.69
1/18/2020,57.13
1/19/2020,60.18
1/20/2020,60.52
1/21/2020,60.17
1/22/2020,60.52
1/23/2020,64.12
1/24/2020,58.95
1/25/2020,58.71
1/26/2020,62.27
1/27/2020,61.99
1/28/2020,61.86
1/29/2020,62.15
1/30/2020,58.73
1/31/2020,67.82
2/1/2020,70.68
2/2/2020,63.54
2/3/2020,62.91
2/4/2020,69.62
2/5/2020,65.52
2/6/2020,62.71
2/7/2020,64.6
2/8/2020,61.09
2/9/2020,69.9
2/10/2020,63.18
2/11/2020,65.49
2/12/2020,61.35
2/13/2020,64.44
2/14/2020,69.03
2/15/2020,62.18
2/16/2020,97.46
2/17/2020,66.39
2/18/2020,63.11
2/19/2020,66.01
2/20/2020,69.04
2/21/2020,63.22
2/22/2020,59.27
2/23/2020,65.06
2/24/2020,62.72
2/25/2020,63.61
2/26/2020,64.86
2/27/2020,61.08
2/28/2020,61.95
2/29/2020,60.38
3/1/2020,57.36
3/2/2020,60.73
3/3/2020,64.36
3/4/2020,66.21
3/5/2020,60.96
3/6/2020,64.41
3/7/2020,62.22
3/8/2020,59.15
3/9/2020,57.93
3/10/2020,63.85
3/11/2020,61.95
3/12/2020,58.31
3/13/2020,65.12
3/14/2020,62.3
3/15/2020,57.68
3/16/2020,58.12
3/17/2020,61.27
3/18/2020,66.67
3/19/2020,65
3/20/2020,64.58
3/21/2020,62.62
3/22/2020,58.75
3/23/2020,66.7
3/24/2020,61.11
3/25/2020,67.82
3/26/2020,64.36
3/27/2020,62.02
3/28/2020,59.97
3/29/2020,66.31
3/30/2020,66.01
3/31/2020,63.02
4/1/2020,63.15
4/2/2020,63.54
4/3/2020,65.64
4/4/2020,70.07
4/5/2020,63.59
4/6/2020,58.28
4/7/2020,69.99
4/8/2020,59.34
4/9/2020,62.56
4/10/2020,58.1
4/11/2020,66.34
4/12/2020,63.5
4/13/2020,90.02
4/14/2020,90.88
4/15/2020,100.49
4/16/2020,64.07
4/17/2020,62.98
4/18/2020,60.26
4/19/2020,65.57
4/20/2020,65.41
4/21/2020,69.92
4/22/2020,64.68
4/23/2020,68.65
4/24/2020,63.45
4/25/2020,64.98
4/26/2020,66.5
4/27/2020,68.65
4/28/2020,62.7
4/29/2020,68.12
4/30/2020,63.69
5/1/2020,65
5/2/2020,55.37
5/3/2020,62.31
5/4/2020,58.89
5/5/2020,60.19
5/6/2020,55.1
5/7/2020,58.63
5/8/2020,59.42
5/9/2020,59.87
5/10/2020,64.69
5/11/2020,67.23
5/12/2020,61.12
5/13/2020,57.64
5/14/2020,60.32
5/15/2020,58.12
5/16/2020,58.85
5/17/2020,64.26
5/18/2020,62.72
5/19/2020,60.31
5/20/2020,60.36
5/21/2020,61.59
5/22/2020,60.96
5/23/2020,58.93
5/24/2020,60.42
5/25/2020,57.29
5/26/2020,90.32
5/27/2020,62.49
5/28/2020,55.54
5/29/2020,58.07
5/30/2020,63
5/31/2020,57.57
6/1/2020,63.25
6/2/2020,64.88
6/3/2020,60.07
6/4/2020,62.09
6/5/2020,64.95
6/6/2020,63.28
6/7/2020,63.82
6/8/2020,65.64
6/9/2020,66.6
6/10/2020,57.99
6/11/2020,65.32
6/12/2020,60.74
6/13/2020,65.92
6/14/2020,62.12
6/15/2020,62.16
6/16/2020,61.81
6/17/2020,61.23
6/18/2020,62.82
6/19/2020,63.11
6/20/2020,64.86
6/21/2020,67.89
6/22/2020,63.97
6/23/2020,68.21
6/24/2020,61.18
6/25/2020,67.11
6/26/2020,62.2
6/27/2020,64.05
6/28/2020,70.06
6/29/2020,65.32
6/30/2020,67.07
7/1/2020,70.61
7/2/2020,66.43
7/3/2020,65.44
7/4/2020,61.73
7/5/2020,66.35
7/6/2020,64.37
7/7/2020,62.16
7/8/2020,62.81
7/9/2020,65.47
7/10/2020,66.29
7/11/2020,69.65
7/12/2020,62.47
7/13/2020,65.12
7/14/2020,64.73
7/15/2020,66.48
7/16/2020,61.4
7/17/2020,63.88
7/18/2020,61.21
7/19/2020,61.33
7/20/2020,64.51
7/21/2020,62.16
7/22/2020,64.43
7/23/2020,61.61
7/24/2020,60.57
7/25/2020,67.3
7/26/2020,63.29
7/27/2020,62.05
7/28/2020,64.39
7/29/2020,70.24
7/30/2020,64.3
7/31/2020,63.51
8/1/2020,72.12
8/2/2020,63.17
8/3/2020,69.68
8/4/2020,64.06
8/5/2020,67.77
8/6/2020,64.69
8/7/2020,63.51
8/8/2020,64.85
8/9/2020,69.64
8/10/2020,62.82
8/11/2020,62.01
8/12/2020,63.88
8/13/2020,63.16
8/14/2020,69.36
8/15/2020,64.41
8/16/2020,63.53
8/17/2020,68.46
8/18/2020,66.04
8/19/2020,62.71
8/20/2020,69.05
8/21/2020,65.05
8/22/2020,66.36
8/23/2020,66.56
8/24/2020,63.73
8/25/2020,70.65
8/26/2020,64.56
8/27/2020,61.65
8/28/2020,69.96
8/29/2020,67.15
8/30/2020,68.79
8/31/2020,62.52
9/1/2020,64.63
9/2/2020,76.66
9/3/2020,70.83
9/4/2020,70.43
9/5/2020,63.74
9/6/2020,72.82
9/7/2020,64.21
9/8/2020,65.51
9/9/2020,61.79
9/10/2020,72.52
9/11/2020,69.95
9/12/2020,70.33
9/13/2020,72.05
9/14/2020,63.59
9/15/2020,75.52
9/16/2020,70.97
9/17/2020,72.09
9/18/2020,65.06
9/19/2020,71.13
9/20/2020,69.77
9/21/2020,71.72
9/22/2020,63.07
9/23/2020,71.81
9/24/2020,73.79
9/25/2020,67.55
9/26/2020,65.63
9/27/2020,66.73
9/28/2020,67.86
9/29/2020,63.07
9/30/2020,66.95
10/1/2020,72.2
10/2/2020,63.57
10/3/2020,67.07
10/4/2020,69.16
10/5/2020,71.16
10/6/2020,66.21
10/7/2020,69.46
10/8/2020,68.46
10/9/2020,70.24
10/10/2020,68.99
10/11/2020,64.49
10/12/2020,63.09
10/13/2020,65.18
10/14/2020,69.01
10/15/2020,72.16
10/16/2020,67.1
10/17/2020,72.41
10/18/2020,59.29
10/19/2020,65.15
10/20/2020,68.35
10/21/2020,66.54
10/22/2020,66.37
10/23/2020,65.51
10/24/2020,70.03
10/25/2020,64.86
10/26/2020,63.16
10/27/2020,69.89
10/28/2020,62.28
10/29/2020,63.02
10/30/2020,73.46
10/31/2020,68.65
11/1/2020,69.44
11/2/2020,71.58
11/3/2020,72.59
11/4/2020,63.71
11/5/2020,74.12
11/6/2020,62.01
11/7/2020,74.74
11/8/2020,95.44
11/9/2020,99.21
11/10/2020,72.8
11/11/2020,66.39
11/12/2020,67.91
11/13/2020,68.68
11/14/2020,66.56
11/15/2020,73.58
11/16/2020,70.34
11/17/2020,68.94
11/18/2020,71.58
11/19/2020,69.35
11/20/2020,70.37
11/21/2020,69.43
11/22/2020,65.81
11/23/2020,68.09
11/24/2020,70.99
11/25/2020,65.53
11/26/2020,66.37
11/27/2020,68.81
11/28/2020,66.73
11/29/2020,65.91
11/30/2020,64.12
12/1/2020,69.89
12/2/2020,69.36
12/3/2020,65.62
12/4/2020,69.14
12/5/2020,64.1
12/6/2020,69.42
12/7/2020,71.95
12/8/2020,68.36
12/9/2020,69.36
12/10/2020,65.78
12/11/2020,71.81
12/12/2020,70.65
12/13/2020,68.26
12/14/2020,72.27
12/15/2020,62.13
12/16/2020,65.1
12/17/2020,64.81
12/18/2020,67.62
12/19/2020,68.91
12/20/2020,64.01
12/21/2020,65.01
12/22/2020,63.38
12/23/2020,70.05
12/24/2020,63.54
12/25/2020,70.02
12/26/2020,66.62
12/27/2020,71.19
12/28/2020,66.16
12/29/2020,65.58
12/30/2020,64.37
12/31/2020,72.46
1/1/2021,99.08
1/2/2021,71.28
1/3/2021,70.5
1/4/2021,70.06
1/5/2021,67.75
1/6/2021,61.5
1/7/2021,70.94
1/8/2021,65.94
1/9/2021,63.58
1/10/2021,67.54
1/11/2021,66.89
1/12/2021,69.44
1/13/2021,59.99
1/14/2021,69.54
1/15/2021,63.48
1/16/2021,66.47
1/17/2021,64.95
1/18/2021,65.63
1/19/2021,69.02
1/20/2021,66.9
1/21/2021,65.69
1/22/2021,68.75
1/23/2021,62.48
1/24/2021,71.03
1/25/2021,65.7
1/26/2021,72.88
1/27/2021,66.19
1/28/2021,60.46
1/29/2021,64.33
1/30/2021,70.11
1/31/2021,73.35
2/1/2021,74.64
2/2/2021,76.8
2/3/2021,74.89
2/4/2021,73.62
2/5/2021,77.96
2/6/2021,73.3
2/7/2021,75.65
2/8/2021,80.22
2/9/2021,78.06
2/10/2021,71.77
2/11/2021,79.06
2/12/2021,73.31
2/13/2021,77.01
2/14/2021,77.26
2/15/2021,66.49
2/16/2021,109.32
2/17/2021,64.86
2/18/2021,73.11
2/19/2021,68.21
2/20/2021,81.92
2/21/2021,78.36
2/22/2021,79.79
2/23/2021,79.99
2/24/2021,73.84
2/25/2021,79.86
2/26/2021,72.15
2/27/2021,75.98
2/28/2021,73.7
3/1/2021,69.29
3/2/2021,67.48
3/3/2021,68.3
3/4/2021,72.55
3/5/2021,67.31
3/6/2021,65.97
3/7/2021,68.77
3/8/2021,73.56
3/9/2021,68.5
3/10/2021,63.11
3/11/2021,69.12
3/12/2021,71.1
3/13/2021,69.11
3/14/2021,72.09
3/15/2021,75.22
3/16/2021,68.44
3/17/2021,70.55
3/18/2021,71.45
3/19/2021,72.26
3/20/2021,67.67
3/21/2021,66.38
3/22/2021,68.26
3/23/2021,71.25
3/24/2021,64.64
3/25/2021,67.19
3/26/2021,62.81
3/27/2021,63.51
3/28/2021,72.33
3/29/2021,65.77
3/30/2021,69.39
3/31/2021,68.78
4/1/2021,74.75
4/2/2021,72.1
4/3/2021,71.68
4/4/2021,69.82
4/5/2021,73.97
4/6/2021,72.38
4/7/2021,74.65
4/8/2021,76.5
4/9/2021,72.45
4/10/2021,76.64
4/11/2021,74.03
4/12/2021,79.06
4/13/2021,107.47
4/14/2021,103.84
4/15/2021,109.11
4/16/2021,75.5
4/17/2021,80.65
4/18/2021,75.12
4/19/2021,74.34
4/20/2021,67.8
4/21/2021,74.52
4/22/2021,71.14
4/23/2021,69.13
4/24/2021,69.6
4/25/2021,68.34
4/26/2021,67.19
4/27/2021,72.27
4/28/2021,68.68
4/29/2021,76.99
4/30/2021,74.6
5/1/2021,75
5/2/2021,73.87
5/3/2021,71.41
5/4/2021,71.42
5/5/2021,70.69
5/6/2021,72.97
5/7/2021,78.44
5/8/2021,72.14
5/9/2021,73.66
5/10/2021,68.5
5/11/2021,66.91
5/12/2021,72.38
5/13/2021,75.78
5/14/2021,72.47
5/15/2021,70.17
5/16/2021,73.86
5/17/2021,73.12
5/18/2021,75.72
5/19/2021,70.81
5/20/2021,77.56
5/21/2021,68.9
5/22/2021,64.45
5/23/2021,72.53
5/24/2021,69.15
5/25/2021,66.77
5/26/2021,102.3
5/27/2021,69.74
5/28/2021,76.43
5/29/2021,71.81
5/30/2021,76.29
5/31/2021,72.27
6/1/2021,77.69
6/2/2021,72.09
6/3/2021,73.17
6/4/2021,75.85
6/5/2021,71.18
6/6/2021,68.86
6/7/2021,75.5
6/8/2021,81.52
6/9/2021,71.27
6/10/2021,72.02
6/11/2021,79.53
6/12/2021,83.23
6/13/2021,68.8
6/14/2021,79.91
6/15/2021,73.67
6/16/2021,75.81
6/17/2021,77.55
6/18/2021,76.54
6/19/2021,69.18
6/20/2021,72.9
6/21/2021,72.46
6/22/2021,73.15
6/23/2021,83.57
6/24/2021,73
6/25/2021,80.83
6/26/2021,74.04
6/27/2021,73.56
6/28/2021,84.42
6/29/2021,79.9
6/30/2021,75.37
7/1/2021,75.22
7/2/2021,71.55
7/3/2021,73.04
7/4/2021,71.84
7/5/2021,68.77
7/6/2021,73.77
7/7/2021,70.77
7/8/2021,77.36
7/9/2021,74.88
7/10/2021,71.79
7/11/2021,70.44
7/12/2021,73.1
7/13/2021,75.03
7/14/2021,60.67
7/15/2021,68.17
7/16/2021,72.74
7/17/2021,68.75
7/18/2021,73.48
7/19/2021,72.39
7/20/2021,67.35
7/21/2021,72.16
7/22/2021,71.51
7/23/2021,68.66
7/24/2021,73.42
7/25/2021,76.38
7/26/2021,68.96
7/27/2021,78.7
7/28/2021,71.39
7/29/2021,76.51
7/30/2021,69.53
7/31/2021,71.31
8/1/2021,76.95
8/2/2021,75.65
8/3/2021,71.17
8/4/2021,71.1
8/5/2021,74.99
8/6/2021,64
8/7/2021,74.51
8/8/2021,71.27
8/9/2021,72.8
8/10/2021,71.19
8/11/2021,70.25
8/12/2021,71.5
8/13/2021,75.18
8/14/2021,72.77
8/15/2021,70.36
8/16/2021,74.03
8/17/2021,79.61
8/18/2021,75.26
8/19/2021,71.14
8/20/2021,74.52
8/21/2021,73.45
8/22/2021,73.02
8/23/2021,68.51
8/24/2021,67.94
8/25/2021,74.33
8/26/2021,73.99
8/27/2021,72.49
8/28/2021,73.7
8/29/2021,70.84
8/30/2021,71.31
8/31/2021,75.77
9/1/2021,72.85
9/2/2021,76.95
9/3/2021,69.39
9/4/2021,71.62
9/5/2021,70.76
9/6/2021,78.14
9/7/2021,75.54
9/8/2021,79.85
9/9/2021,73.93
9/10/2021,78.04
9/11/2021,74.94
9/12/2021,72.8
9/13/2021,76.56
9/14/2021,78.81
9/15/2021,67.42
9/16/2021,76.13
9/17/2021,76.31
9/18/2021,77.77
9/19/2021,70.27
9/20/2021,77.84
9/21/2021,72.29
9/22/2021,77.29
9/23/2021,80.48
9/24/2021,76.26
9/25/2021,76.01
9/26/2021,71.63
9/27/2021,78.96
9/28/2021,72.83
9/29/2021,78.77
9/30/2021,73.44
10/1/2021,76.28
10/2/2021,75.01
10/3/2021,75.78
10/4/2021,80.04
10/5/2021,75.04
10/6/2021,74.64
10/7/2021,73.3
10/8/2021,72.56
10/9/2021,81.03
10/10/2021,67.06
10/11/2021,72.29
10/12/2021,67.35
10/13/2021,76.62
10/14/2021,80.99
10/15/2021,85.25
10/16/2021,73.08
10/17/2021,80.22
10/18/2021,69.04
10/19/2021,68.09
10/20/2021,68.16
10/21/2021,71.41
10/22/2021,71.45
10/23/2021,74.32
10/24/2021,78.42
10/25/2021,71.51
10/26/2021,79.08
10/27/2021,72.06
10/28/2021,70.12
10/29/2021,81.06
10/30/2021,71.89
10/31/2021,73.33
11/1/2021,78.69
11/2/2021,77.09
11/3/2021,81.18
11/4/2021,76.51
11/5/2021,81.05
11/6/2021,74.88
11/7/2021,84.33
11/8/2021,126.15
11/9/2021,125.49
11/10/2021,75.5
11/11/2021,80.26
11/12/2021,78.51
11/13/2021,75.92
11/14/2021,77.86
11/15/2021,77.4
11/16/2021,88.88
11/17/2021,77.17
11/18/2021,84.01
11/19/2021,86.05
11/20/2021,75.77
11/21/2021,81.19
11/22/2021,81.59
11/23/2021,79.88
11/24/2021,84.72
11/25/2021,82.89
11/26/2021,71.86
11/27/2021,77.11
11/28/2021,79.23
11/29/2021,87.23
11/30/2021,83.62
12/1/2021,85.11
12/2/2021,82.49
12/3/2021,68.2
12/4/2021,84.61
12/5/2021,79.76
12/6/2021,75.29
12/7/2021,73.99
12/8/2021,73.86
12/9/2021,80.81
12/10/2021,81.24
12/11/2021,86.85
12/12/2021,83.31
12/13/2021,80.59
12/14/2021,80.09
12/15/2021,83.36
12/16/2021,81.81
12/17/2021,77.03
12/18/2021,70.62
12/19/2021,69.08
12/20/2021,77.37
12/21/2021,81.19
12/22/2021,75.44
12/23/2021,75.84
12/24/2021,73.89
12/25/2021,81.02
12/26/2021,81.05
12/27/2021,80.95
12/28/2021,82.1
12/29/2021,77.26
12/30/2021,76.81
12/31/2021,73.52
1/1/2022,111.76
1/2/2022,79.26
1/3/2022,67.3
1/4/2022,75.44
1/5/2022,75.04
1/6/2022,74.59
1/7/2022,70.66
1/8/2022,76.88
1/9/2022,72.61
1/10/2022,70.58
1/11/2022,70.59
1/12/2022,78.62
1/13/2022,74.65
1/14/2022,75.39
1/15/2022,74.32
1/16/2022,79.51
1/17/2022,78.67
1/18/2022,72.31
1/19/2022,78.51
1/20/2022,76.54
1/21/2022,76.59
1/22/2022,75.27
1/23/2022,77.36
1/24/2022,73.67
1/25/2022,79.9
1/26/2022,77.15
1/27/2022,70.76
1/28/2022,79.02
1/29/2022,76.24
1/30/2022,74.11
1/31/2022,70.3
2/1/2022,82.82
2/2/2022,90.45
2/3/2022,84.75
2/4/2022,91.17
2/5/2022,84.07
2/6/2022,78.51
2/7/2022,83.2
2/8/2022,80.51
2/9/2022,77
2/10/2022,86.33
2/11/2022,89.81
2/12/2022,94
2/13/2022,88.11
2/14/2022,89.43
2/15/2022,85.24
2/16/2022,134.68
2/17/2022,79.7
2/18/2022,81.37
2/19/2022,88.9
2/20/2022,81.94
2/21/2022,84.56
2/22/2022,84.69
2/23/2022,86.27
2/24/2022,80.68
2/25/2022,87.65
2/26/2022,81.39
2/27/2022,92.67
2/28/2022,90.4
3/1/2022,75.26
3/2/2022,77.06
3/3/2022,72.47
3/4/2022,74.68
3/5/2022,65.95
3/6/2022,74.62
3/7/2022,69.92
3/8/2022,79.85
3/9/2022,77.2
3/10/2022,76.16
3/11/2022,80.49
3/12/2022,70.58
3/13/2022,76.8
3/14/2022,79.33
3/15/2022,78.02
3/16/2022,78.23
3/17/2022,76.55
3/18/2022,73.42
3/19/2022,71.16
3/20/2022,75.98
3/21/2022,81.3
3/22/2022,76.4
3/23/2022,67.1
3/24/2022,72.3
3/25/2022,79.71
3/26/2022,74.34
3/27/2022,73.11
3/28/2022,71.66
3/29/2022,74.7
3/30/2022,75.5
3/31/2022,78.65
4/1/2022,83.54
4/2/2022,77.97
4/3/2022,80.67
4/4/2022,87.1
4/5/2022,76.27
4/6/2022,73.19
4/7/2022,86
4/8/2022,87.16
4/9/2022,82.48
4/10/2022,83.29
4/11/2022,91.08
4/12/2022,84.14
4/13/2022,132.81
4/14/2022,133.41
4/15/2022,128.45
4/16/2022,80.68
4/17/2022,83.3
4/18/2022,76.72
4/19/2022,89.07
4/20/2022,83.37
4/21/2022,76.98
4/22/2022,80.45
4/23/2022,88.8
4/24/2022,80.61
4/25/2022,87.17
4/26/2022,81.58
4/27/2022,78.38
4/28/2022,80.73
4/29/2022,82.34
4/30/2022,81.48
5/1/2022,84.45
5/2/2022,76.34
5/3/2022,83.07
5/4/2022,80.34
5/5/2022,77.34
5/6/2022,74.3
5/7/2022,78.95
5/8/2022,85.91
5/9/2022,83.51
5/10/2022,80.46
5/11/2022,93.6
5/12/2022,83.58
5/13/2022,84
5/14/2022,85.04
5/15/2022,80.5
5/16/2022,84.08
5/17/2022,85.05
5/18/2022,76.57
5/19/2022,82.88
5/20/2022,76.07
5/21/2022,78.92
5/22/2022,79.4
5/23/2022,89.55
5/24/2022,86.29
5/25/2022,83.59
5/26/2022,127.83
5/27/2022,85.82
5/28/2022,79.82
5/29/2022,77.29
5/30/2022,73.4
5/31/2022,82.57
6/1/2022,82.89
6/2/2022,93.45
6/3/2022,83.67
6/4/2022,85.59
6/5/2022,76.23
6/6/2022,85.29
6/7/2022,87.51
6/8/2022,79.92
6/9/2022,78.88
6/10/2022,88.13
6/11/2022,86.75
6/12/2022,88.95
6/13/2022,85.73
6/14/2022,92.73
6/15/2022,86.76
6/16/2022,80
6/17/2022,79.29
6/18/2022,83.09
6/19/2022,78.16
6/20/2022,86.1
6/21/2022,79.6
6/22/2022,88.13
6/23/2022,82.31
6/24/2022,82.16
6/25/2022,86.77
6/26/2022,80.94
6/27/2022,84.49
6/28/2022,89.83
6/29/2022,90.04
6/30/2022,78.33
7/1/2022,81.82
7/2/2022,76.31
7/3/2022,82.05
7/4/2022,84.99
7/5/2022,88.23
7/6/2022,80.67
7/7/2022,85.93
7/8/2022,84.28
7/9/2022,84.75
7/10/2022,79.49
7/11/2022,86.24
7/12/2022,80.3
7/13/2022,76.05
7/14/2022,87.69
7/15/2022,78.41
7/16/2022,82.54
7/17/2022,80.63
7/18/2022,79.83
7/19/2022,83.52
7/20/2022,81.97
7/21/2022,86.44
7/22/2022,88.66
7/23/2022,80.44
7/24/2022,83
7/25/2022,78.79
7/26/2022,86.62
7/27/2022,86.92
7/28/2022,76.69
7/29/2022,84.26
7/30/2022,79.11
7/31/2022,84.06
8/1/2022,71.63
8/2/2022,74.16
8/3/2022,82.76
8/4/2022,74.13
8/5/2022,76.78
8/6/2022,85.92
8/7/2022,78.07
8/8/2022,82.59
8/9/2022,78.18
8/10/2022,86.41
8/11/2022,81.11
8/12/2022,83.53
8/13/2022,73
8/14/2022,77.82
8/15/2022,85.1
8/16/2022,85.13
8/17/2022,80.99
8/18/2022,79.32
8/19/2022,79.68
8/20/2022,74.15
8/21/2022,83.08
8/22/2022,83.87
8/23/2022,81.78
8/24/2022,77.77
8/25/2022,83.19
8/26/2022,80.04
8/27/2022,86.84
8/28/2022,79.91
8/29/2022,79.48
8/30/2022,74.13
8/31/2022,79.58
9/1/2022,77.33
9/2/2022,82.75
9/3/2022,84.24
9/4/2022,81.69
9/5/2022,86.52
9/6/2022,83.96
9/7/2022,82.91
9/8/2022,83.79
9/9/2022,90.16
9/10/2022,76.69
9/11/2022,77.09
9/12/2022,91.55
9/13/2022,84.12
9/14/2022,85
9/15/2022,91.76
9/16/2022,85.89
9/17/2022,86.55
9/18/2022,82.03
9/19/2022,82.7
9/20/2022,83.6
9/21/2022,78.8
9/22/2022,77.07
9/23/2022,80.22
9/24/2022,85.81
9/25/2022,85.32
9/26/2022,84
9/27/2022,84.01
9/28/2022,80.78
9/29/2022,82.75
9/30/2022,84.94
10/1/2022,87.61
10/2/2022,77.71
10/3/2022,85.23
10/4/2022,82.63
10/5/2022,82.76
10/6/2022,84.74
10/7/2022,78.68
10/8/2022,82.87
10/9/2022,82.55
10/10/2022,77.84
10/11/2022,78.7
10/12/2022,80.59
10/13/2022,78.23
10/14/2022,76.67
10/15/2022,82.99
10/16/2022,84.22
10/17/2022,78.78
10/18/2022,81.6
10/19/2022,78.65
10/20/2022,79.36
10/21/2022,86.19
10/22/2022,74.41
10/23/2022,74.95
10/24/2022,76.83
10/25/2022,90.65
10/26/2022,83.38
10/27/2022,79.24
10/28/2022,78.28
10/29/2022,85.93
10/30/2022,80.46
10/31/2022,84.88
11/1/2022,84.84
11/2/2022,84.88
11/3/2022,91.71
11/4/2022,77.98
11/5/2022,89.87
11/6/2022,91.33
11/7/2022,81.61
11/8/2022,135.61
11/9/2022,137.78
11/10/2022,88.38
11/11/2022,91.04
11/12/2022,86.56
11/13/2022,89.29
11/14/2022,87.97
11/15/2022,85.09
11/16/2022,87.49
11/17/2022,86.3
11/18/2022,82.61
11/19/2022,81.78
11/20/2022,88
11/21/2022,85.66
11/22/2022,84.73
11/23/2022,84.43
11/24/2022,90.59
11/25/2022,89.47
11/26/2022,91.48
11/27/2022,86.75
11/28/2022,77.66
11/29/2022,90.39
11/30/2022,96.36
12/1/2022,96.95
12/2/2022,84.91
12/3/2022,85.76
12/4/2022,85.07
12/5/2022,89.96
12/6/2022,88.62
12/7/2022,88.82
12/8/2022,88.86
12/9/2022,91.45
12/10/2022,85.31
12/11/2022,86.82
12/12/2022,101.44
12/13/2022,91.06
12/14/2022,80.7
12/15/2022,93.61
12/16/2022,89
12/17/2022,91.59
12/18/2022,89.7
12/19/2022,88.76
12/20/2022,96.01
12/21/2022,88.57
12/22/2022,92.15
12/23/2022,91.76
12/24/2022,83.39
12/25/2022,97.71
12/26/2022,93.2
12/27/2022,85.73
12/28/2022,90.2
12/29/2022,88.04
12/30/2022,84.17
12/31/2022,82.05
1/1/2023,138.54
1/2/2023,87.03
1/3/2023,81.93
1/4/2023,88.15
1/5/2023,90.56
1/6/2023,88.11
1/7/2023,89
1/8/2023,86
1/9/2023,85.3
1/10/2023,86.79
1/11/2023,94.79
1/12/2023,90.41
1/13/2023,84.65
1/14/2023,92.12
1/15/2023,86.57
1/16/2023,87.54
1/17/2023,91.58
1/18/2023,89.95
1/19/2023,89.58
1/20/2023,88.14
1/21/2023,93.64
1/22/2023,78.56
1/23/2023,83.07
1/24/2023,90.19
1/25/2023,82.37
1/26/2023,86.69
1/27/2023,92.5
1/28/2023,86.55
1/29/2023,95.46
1/30/2023,79.66
1/31/2023,85.65
2/1/2023,93.54
2/2/2023,88.04
2/3/2023,97.57
2/4/2023,92.22
2/5/2023,97.68
2/6/2023,97.36
2/7/2023,86.82
2/8/2023,98.26
2/9/2023,97.89
2/10/2023,82.93
2/11/2023,94.64
2/12/2023,86.14
2/13/2023,89.87
2/14/2023,92.25
2/15/2023,89.65
2/16/2023,145.92
2/17/2023,94.07
2/18/2023,93.51
2/19/2023,92.98
2/20/2023,92.81
2/21/2023,89.52
2/22/2023,94.38
2/23/2023,91.65
2/24/2023,94.72
2/25/2023,91.3
2/26/2023,100.08
2/27/2023,93.96
2/28/2023,93.86
3/1/2023,94.36
3/2/2023,92.42
3/3/2023,97.23
3/4/2023,96.64
3/5/2023,93
3/6/2023,90.4
3/7/2023,86.13
3/8/2023,98.02
3/9/2023,96.98
3/10/2023,93.82
3/11/2023,93.85
3/12/2023,95.08
3/13/2023,88.83
3/14/2023,96.48
3/15/2023,91.85
3/16/2023,89.23
3/17/2023,93.7
3/18/2023,104.2
3/19/2023,86.88
3/20/2023,100.37
3/21/2023,90.56
3/22/2023,93.13
3/23/2023,89.43
3/24/2023,93.35
3/25/2023,97.99
3/26/2023,92.83
3/27/2023,90.58
3/28/2023,84.78
3/29/2023,89.33
3/30/2023,96.93
3/31/2023,95.54
4/1/2023,94.05
4/2/2023,87.13
4/3/2023,86.93
4/4/2023,96.07
4/5/2023,79.88
4/6/2023,81.23
4/7/2023,90.24
4/8/2023,88.13
4/9/2023,92.72
4/10/2023,89.76
4/11/2023,97.86
4/12/2023,89.68
4/13/2023,137.45
4/14/2023,146.57
4/15/2023,130.39
4/16/2023,88.73
4/17/2023,92.24
4/18/2023,86.07
4/19/2023,90.98
4/20/2023,86.17
4/21/2023,95.15
4/22/2023,89.44
4/23/2023,92.4
4/24/2023,92.58
4/25/2023,83.18
4/26/2023,85.69
4/27/2023,96.91
4/28/2023,93.4
4/29/2023,89.91
4/30/2023,89.69
5/1/2023,87.06
5/2/2023,92.97
5/3/2023,95.82
5/4/2023,99.24
5/5/2023,98.75
5/6/2023,92.74
5/7/2023,98.64
5/8/2023,108.62
5/9/2023,101.67
5/10/2023,93.92
5/11/2023,100.31
5/12/2023,94.13
5/13/2023,97.06
5/14/2023,98.84
5/15/2023,91.13
5/16/2023,91.57
5/17/2023,89.47
5/18/2023,93.74
5/19/2023,82.24
5/20/2023,97.05
5/21/2023,99.92
5/22/2023,89.15
5/23/2023,89.34
5/24/2023,93.23
5/25/2023,92.33
5/26/2023,134.91
5/27/2023,90.11
5/28/2023,84
5/29/2023,95.71
5/30/2023,92.39
5/31/2023,95.16
6/1/2023,91.74
6/2/2023,97.87
6/3/2023,96.03
6/4/2023,103.79
6/5/2023,96.99
6/6/2023,95.76
6/7/2023,96.48
6/8/2023,97.91
6/9/2023,99.37
6/10/2023,100.88
6/11/2023,96.6
6/12/2023,88.1
6/13/2023,98.25
6/14/2023,94.21
6/15/2023,94.23
6/16/2023,97.74
6/17/2023,98.06
6/18/2023,102.24
6/19/2023,99.01
6/20/2023,96.4
6/21/2023,90.78
6/22/2023,97.42
6/23/2023,100.16
6/24/2023,101.31
6/25/2023,107.56
6/26/2023,98.16
6/27/2023,99.71
6/28/2023,100.71
6/29/2023,92.77
6/30/2023,104.35
7/1/2023,100.75
7/2/2023,102.03
7/3/2023,110.34
7/4/2023,94.19
7/5/2023,100.61
7/6/2023,90.97
7/7/2023,106.68
7/8/2023,113.57
7/9/2023,93.11
7/10/2023,101.14
7/11/2023,104.18
7/12/2023,101.46
7/13/2023,96.6
7/14/2023,105.04
7/15/2023,103.54
7/16/2023,98.52
7/17/2023,107.62
7/18/2023,107.82
7/19/2023,100.01
7/20/2023,98.14
7/21/2023,102.06
7/22/2023,105.42
7/23/2023,100.46
7/24/2023,99.24
7/25/2023,102.54
7/26/2023,96.43
7/27/2023,116.58
7/28/2023,98.28
7/29/2023,101.32
7/30/2023,103.17
7/31/2023,107.82
8/1/2023,109.98
8/2/2023,105.84
8/3/2023,108.43
8/4/2023,105.16
8/5/2023,106.83
8/6/2023,101.56
8/7/2023,104.23
8/8/2023,99.24
8/9/2023,109.5
8/10/2023,100.24
8/11/2023,96.88
8/12/2023,104.51
8/13/2023,103.16
8/14/2023,114.96
8/15/2023,107.33
8/16/2023,102.49
8/17/2023,98.3
8/18/2023,102.73
8/19/2023,106.33
8/20/2023,113.68
8/21/2023,97.6
8/22/2023,99.95
8/23/2023,108.69
8/24/2023,102.66
8/25/2023,103.18
8/26/2023,97.39
8/27/2023,105.19
8/28/2023,105.09
8/29/2023,115.27
8/30/2023,105.94
8/31/2023,95.63
9/1/2023,112.82
9/2/2023,107.37
9/3/2023,105.03
9/4/2023,102.95
9/5/2023,107.34
9/6/2023,105.99
9/7/2023,103.53
9/8/2023,107.56
9/9/2023,105.8
9/10/2023,106.41
9/11/2023,113.1
9/12/2023,112.55
9/13/2023,102.78
9/14/2023,112.35
9/15/2023,108.06
9/16/2023,113.11
9/17/2023,108.69
9/18/2023,109.12
9/19/2023,114.21
9/20/2023,114.66
9/21/2023,105.24
9/22/2023,110.84
9/23/2023,112.96
9/24/2023,107.87
9/25/2023,111.51
9/26/2023,119.2
9/27/2023,119.56
9/28/2023,103.15
9/29/2023,103.84
9/30/2023,110.81
10/1/2023,107.72
10/2/2023,101.94
10/3/2023,108.71
10/4/2023,108.05
10/5/2023,110.79
10/6/2023,114.52
10/7/2023,103.79
10/8/2023,111.47
10/9/2023,114.69
10/10/2023,108.16
10/11/2023,115.79
10/12/2023,108.91
10/13/2023,107.6
10/14/2023,111.33
10/15/2023,115.57
10/16/2023,110.45
10/17/2023,112.04
10/18/2023,108.23
10/19/2023,114.48
10/20/2023,106.47
10/21/2023,111.75
10/22/2023,111.74
10/23/2023,107.32
10/24/2023,108.72
10/25/2023,113.56
10/26/2023,104.45
10/27/2023,115.04
10/28/2023,107.37
10/29/2023,110.29
10/30/2023,98.15
10/31/2023,103.92
11/1/2023,123.45
11/2/2023,105.72
11/3/2023,127.2
11/4/2023,118.77
11/5/2023,103.55
11/6/2023,110.2
11/7/2023,125.58
11/8/2023,167.24
11/9/2023,172.37
11/10/2023,119.32
11/11/2023,111.4
11/12/2023,107.84
11/13/2023,113.64
11/14/2023,111.64
11/15/2023,115.67
11/16/2023,117.33
11/17/2023,111.87
11/18/2023,106.5
11/19/2023,105.18
11/20/2023,121.93
11/21/2023,107.86
11/22/2023,115.6
11/23/2023,107.81
11/24/2023,116.96
11/25/2023,109.69
11/26/2023,120.59
11/27/2023,107.32
11/28/2023,118.56
11/29/2023,117.88
11/30/2023,113.7
12/1/2023,120.63
12/2/2023,114.28
12/3/2023,116.58
12/4/2023,122.53
12/5/2023,124.97
12/6/2023,113.95
12/7/2023,117.48
12/8/2023,117.61
12/9/2023,118.49
12/10/2023,112.64
12/11/2023,116.58
12/12/2023,122.33
12/13/2023,118.03
12/14/2023,116.17
12/15/2023,133.19
12/16/2023,106.9
12/17/2023,113.69
12/18/2023,113.52
12/19/2023,121.2
12/20/2023,118.65
12/21/2023,118.19
12/22/2023,119.64
12/23/2023,121.28
12/24/2023,116.71
12/25/2023,124.87
12/26/2023,111.91
12/27/2023,116.97
12/28/2023,111.68
12/29/2023,117.78
12/30/2023,114.85
12/31/2023,114.98
1/1/2024,162.81
1/2/2024,113.71
1/3/2024,111.1
1/4/2024,113.32
1/5/2024,112.24
1/6/2024,120.88
1/7/2024,115.51
1/8/2024,133.64
1/9/2024,117.92
1/10/2024,118.31
1/11/2024,104.52
1/12/2024,117.54
1/13/2024,108.9
1/14/2024,112.47
1/15/2024,118.42
1/16/2024,113.48
1/17/2024,121.77
1/18/2024,117.25
1/19/2024,110.42
1/20/2024,117.38
1/21/2024,120.96
1/22/2024,118.61
1/23/2024,130.35
1/24/2024,104.35
1/25/2024,113.48
1/26/2024,119.71
1/27/2024,126.65
1/28/2024,116.62
1/29/2024,110.05
1/30/2024,125.17
1/31/2024,116.61
2/1/2024,120.74
2/2/2024,124.94
2/3/2024,119.69
2/4/2024,124
2/5/2024,121.61
2/6/2024,121.05
2/7/2024,117.1
2/8/2024,119.91
2/9/2024,125.19
2/10/2024,119.81
2/11/2024,124.58
2/12/2024,126.35
2/13/2024,129.38
2/14/2024,126.67
2/15/2024,115.63
2/16/2024,184.59
2/17/2024,109.09
2/18/2024,121.39
2/19/2024,127.42
2/20/2024,133.85
2/21/2024,134.91
2/22/2024,129.96
2/23/2024,122.75
2/24/2024,107.35
2/25/2024,118.35
2/26/2024,127.09
2/27/2024,100.12
2/28/2024,127.54
2/29/2024,119.95
3/1/2024,113.6
3/2/2024,124.45
3/3/2024,118.42
3/4/2024,118.67
3/5/2024,121.76
3/6/2024,114.7
3/7/2024,112.16
3/8/2024,110.09
3/9/2024,122.69
3/10/2024,122.9
3/11/2024,108.32
3/12/2024,110.15
3/13/2024,126.13
3/14/2024,124.32
3/15/2024,124.17
3/16/2024,124.71
3/17/2024,114.51
3/18/2024,114.46
3/19/2024,114.61
3/20/2024,111.49
3/21/2024,115.29
3/22/2024,126.95
3/23/2024,124.12
3/24/2024,114.75
3/25/2024,119.77
3/26/2024,122.36
3/27/2024,115.28
3/28/2024,108.52
3/29/2024,115.82
3/30/2024,117.07
3/31/2024,120.5
4/1/2024,106.52
4/2/2024,111.49
4/3/2024,111.57
4/4/2024,118.05
4/5/2024,112.71
4/6/2024,109.99
4/7/2024,104.72
4/8/2024,111.84
4/9/2024,114.98
4/10/2024,119.09
4/11/2024,114.42
4/12/2024,116.64
4/13/2024,166.85
4/14/2024,159.85
4/15/2024,174.74
4/16/2024,113.44
4/17/2024,123.5
4/18/2024,112.14
4/19/2024,120.27
4/20/2024,118.54
4/21/2024,111.05
4/22/2024,116.42
4/23/2024,118.93
4/24/2024,120.04
4/25/2024,118.81
4/26/2024,118.67
4/27/2024,118.07
4/28/2024,111.46
4/29/2024,115.49
4/30/2024,115.46
5/1/2024,121.42
5/2/2024,120.6
5/3/2024,128.01
5/4/2024,126.76
5/5/2024,114.38
5/6/2024,120.73
5/7/2024,117.15
5/8/2024,132.96
5/9/2024,118.25
5/10/2024,115.33
5/11/2024,120.02
5/12/2024,112.27
5/13/2024,127.99
5/14/2024,128.26
5/15/2024,123.91
5/16/2024,122.4
5/17/2024,119.74
5/18/2024,127.01
5/19/2024,111.33
5/20/2024,110.81
5/21/2024,113.75
5/22/2024,118.19
5/23/2024,118.8
5/24/2024,117.37
5/25/2024,123.17
5/26/2024,167.29
5/27/2024,120.59
5/28/2024,104.88
5/29/2024,116.06
5/30/2024,113.26
5/31/2024,120
6/1/2024,118.1
6/2/2024,116.97
6/3/2024,135.15
6/4/2024,125.19
6/5/2024,126.31
6/6/2024,118.6
6/7/2024,125.42
6/8/2024,129.96
6/9/2024,127.67
6/10/2024,114.57
6/11/2024,119.87
6/12/2024,131.57
6/13/2024,117.2
6/14/2024,129.63
6/15/2024,115.15
6/16/2024,122
6/17/2024,121.03
6/18/2024,117.52
6/19/2024,130.78
6/20/2024,123.4
6/21/2024,120.61
6/22/2024,133.31
6/23/2024,131.88
6/24/2024,135.93
6/25/2024,125.2
6/26/2024,113.02
6/27/2024,130.11
6/28/2024,117.96
6/29/2024,109.04
6/30/2024,123.41
7/1/2024,130.33
7/2/2024,122.58
7/3/2024,136.85
7/4/2024,129.06
7/5/2024,130.22
7/6/2024,132.85
7/7/2024,126.66
7/8/2024,120.76
7/9/2024,125.72
7/10/2024,126.62
7/11/2024,125.78
7/12/2024,127.91
7/13/2024,120.45
7/14/2024,133.94
7/15/2024,125.44
7/16/2024,117.41
7/17/2024,126.67
7/18/2024,138.02
7/19/2024,130.85
7/20/2024,123.05
7/21/2024,124.62
7/22/2024,115.88
7/23/2024,120.33
7/24/2024,128.65
7/25/2024,120.51
7/26/2024,121.49
7/27/2024,125.37
7/28/2024,129.39
7/29/2024,122.7
7/30/2024,123.52
7/31/2024,121.94
8/1/2024,135.07
8/2/2024,130.91
8/3/2024,118.99
8/4/2024,122.3
8/5/2024,125.28
8/6/2024,132.86
8/7/2024,138.89
8/8/2024,123.5
8/9/2024,130.55
8/10/2024,138.84
8/11/2024,125.2
8/12/2024,132.58
8/13/2024,127.82
8/14/2024,128.23
8/15/2024,127.02
8/16/2024,129.44
8/17/2024,132
8/18/2024,128.03
8/19/2024,130.69
8/20/2024,128.65
8/21/2024,127.12
8/22/2024,131.09
8/23/2024,129.72
8/24/2024,138.9
8/25/2024,139.28
8/26/2024,118.08
8/27/2024,130.39
8/28/2024,128.93
8/29/2024,126.6
8/30/2024,131.03
8/31/2024,127.89
9/1/2024,131.77
9/2/2024,131
9/3/2024,134.22
9/4/2024,131.78
9/5/2024,132.06
9/6/2024,120.83
9/7/2024,129.84
9/8/2024,139.76
9/9/2024,134.4
9/10/2024,123.25
9/11/2024,139.08
9/12/2024,126.15
9/13/2024,127.42
9/14/2024,131.13
9/15/2024,131.38
9/16/2024,130.7
9/17/2024,134.11
9/18/2024,136.29
9/19/2024,133.73
9/20/2024,129.09
9/21/2024,113.71
9/22/2024,144.72
9/23/2024,134.65
9/24/2024,130.89
9/25/2024,126.38
9/26/2024,134.72
9/27/2024,128.54
9/28/2024,129.86
9/29/2024,122.36
9/30/2024,128.55
10/1/2024,131.45
10/2/2024,130.55
10/3/2024,132.55
10/4/2024,139.83
10/5/2024,126.39
10/6/2024,127.33
10/7/2024,126.35
10/8/2024,126.05
10/9/2024,126.44
10/10/2024,123.84
10/11/2024,134.52
10/12/2024,124.06
10/13/2024,123.59
10/14/2024,137.62
10/15/2024,134.82
10/16/2024,130.01
10/17/2024,130.88
10/18/2024,118.69
10/19/2024,121.24
10/20/2024,125.16
10/21/2024,130.42
10/22/2024,123.33
10/23/2024,129.06
10/24/2024,125.26
10/25/2024,130.67
10/26/2024,135.85
10/27/2024,126.02
10/28/2024,119.89
10/29/2024,127.99
10/30/2024,135.36
10/31/2024,132.69
11/1/2024,121.68
11/2/2024,113.37
11/3/2024,129.26
11/4/2024,134.74
11/5/2024,143.76
11/6/2024,129.16
11/7/2024,134.22
11/8/2024,207.24
11/9/2024,191.77
11/10/2024,129.87
11/11/2024,129.9
11/12/2024,122.45
11/13/2024,130.65
11/14/2024,138.75
11/15/2024,125.33
11/16/2024,126.54
11/17/2024,142.88
11/18/2024,130.59
11/19/2024,128.23
11/20/2024,140.68
11/21/2024,129.57
11/22/2024,134.41
11/23/2024,119.56
11/24/2024,122.7
11/25/2024,144.71
11/26/2024,119.5
11/27/2024,131.87
11/28/2024,148.56
11/29/2024,135.68
11/30/2024,135.75
