Date,Transaction
2016-01-01,46.05
2016-01-02,25.41
2016-01-03,25.7
2016-01-04,27.55
2016-01-05,26.7
2016-01-06,26.32
2016-01-07,24.6
2016-01-08,25.99
2016-01-09,26.86
2016-01-10,25.6
2016-01-11,27.62
2016-01-12,26.31
2016-01-13,26.02
2016-01-14,27.01
2016-01-15,26.67
2016-01-16,27.71
2016-01-17,26.98
2016-01-18,27.15
2016-01-19,26.14
2016-01-20,27.06
2016-01-21,25.06
2016-01-22,26.48
2016-01-23,24.72
2016-01-24,26.44
2016-01-25,26.17
2016-01-26,25.42
2016-01-27,27.26
2016-01-28,24.97
2016-01-29,26.56
2016-01-30,26.82
2016-01-31,26.43
2016-02-01,28.28
2016-02-02,28.98
2016-02-03,28.56
2016-02-04,29.67
2016-02-05,28.46
2016-02-06,30.16
2016-02-07,30.32
2016-02-08,28.83
2016-02-09,30.2
2016-02-10,28.82
2016-02-11,30.06
2016-02-12,29.2
2016-02-13,29.19
2016-02-14,30.33
2016-02-15,28.0
2016-02-16,43.2
2016-02-17,30.54
2016-02-18,28.99
2016-02-19,29.36
2016-02-20,28.77
2016-02-21,30.39
2016-02-22,28.49
2016-02-23,30.09
2016-02-24,28.64
2016-02-25,29.53
2016-02-26,30.79
2016-02-27,28.7
2016-02-28,29.11
2016-02-29,28.83
2016-03-01,28.96
2016-03-02,29.03
2016-03-03,30.26
2016-03-04,29.78
2016-03-05,28.75
2016-03-06,29.11
2016-03-07,29.82
2016-03-08,28.48
2016-03-09,29.4
2016-03-10,29.64
2016-03-11,29.97
2016-03-12,29.3
2016-03-13,29.26
2016-03-14,30.17
2016-03-15,29.48
2016-03-16,29.26
2016-03-17,30.26
2016-03-18,29.9
2016-03-19,30.54
2016-03-20,30.15
2016-03-21,29.88
2016-03-22,28.17
2016-03-23,29.02
2016-03-24,29.05
2016-03-25,29.55
2016-03-26,29.33
2016-03-27,30.92
2016-03-28,28.81
2016-03-29,28.96
2016-03-30,29.28
2016-03-31,28.17
2016-04-01,30.51
2016-04-02,31.91
2016-04-03,28.72
2016-04-04,30.76
2016-04-05,31.52
2016-04-06,31.07
2016-04-07,31.23
2016-04-08,32.74
2016-04-09,30.82
2016-04-10,30.67
2016-04-11,30.47
2016-04-12,30.0
2016-04-13,63.77
2016-04-14,61.22
2016-04-15,59.65
2016-04-16,31.02
2016-04-17,30.73
2016-04-18,30.49
2016-04-19,30.66
2016-04-20,30.98
2016-04-21,29.35
2016-04-22,28.91
2016-04-23,29.11
2016-04-24,31.11
2016-04-25,30.7
2016-04-26,30.93
2016-04-27,30.18
2016-04-28,31.61
2016-04-29,31.76
2016-04-30,32.83
2016-05-01,27.42
2016-05-02,27.71
2016-05-03,27.83
2016-05-04,27.18
2016-05-05,27.67
2016-05-06,26.76
2016-05-07,26.42
2016-05-08,28.93
2016-05-09,27.43
2016-05-10,28.21
2016-05-11,27.09
2016-05-12,27.58
2016-05-13,26.92
2016-05-14,26.52
2016-05-15,28.8
2016-05-16,28.71
2016-05-17,27.63
2016-05-18,28.5
2016-05-19,28.49
2016-05-20,28.0
2016-05-21,27.83
2016-05-22,27.32
2016-05-23,27.79
2016-05-24,27.77
2016-05-25,27.4
2016-05-26,42.88
2016-05-27,26.72
2016-05-28,26.69
2016-05-29,28.26
2016-05-30,27.65
2016-05-31,27.79
2016-06-01,27.46
2016-06-02,27.91
2016-06-03,29.95
2016-06-04,27.94
2016-06-05,28.98
2016-06-06,28.06
2016-06-07,28.07
2016-06-08,29.17
2016-06-09,26.93
2016-06-10,29.46
2016-06-11,28.33
2016-06-12,27.59
2016-06-13,27.57
2016-06-14,29.49
2016-06-15,28.39
2016-06-16,28.81
2016-06-17,28.84
2016-06-18,27.31
2016-06-19,28.07
2016-06-20,28.07
2016-06-21,27.77
2016-06-22,28.39
2016-06-23,29.35
2016-06-24,29.38
2016-06-25,28.7
2016-06-26,28.44
2016-06-27,29.68
2016-06-28,27.87
2016-06-29,28.07
2016-06-30,26.84
2016-07-01,29.53
2016-07-02,30.2
2016-07-03,30.33
2016-07-04,30.83
2016-07-05,30.01
2016-07-06,30.62
2016-07-07,30.39
2016-07-08,32.15
2016-07-09,29.51
2016-07-10,29.86
2016-07-11,29.6
2016-07-12,29.21
2016-07-13,32.15
2016-07-14,31.62
2016-07-15,30.74
2016-07-16,31.07
2016-07-17,30.39
2016-07-18,30.21
2016-07-19,30.36
2016-07-20,30.04
2016-07-21,30.67
2016-07-22,30.16
2016-07-23,30.41
2016-07-24,29.78
2016-07-25,31.23
2016-07-26,30.75
2016-07-27,30.45
2016-07-28,31.43
2016-07-29,30.97
2016-07-30,29.97
2016-07-31,29.78
2016-08-01,30.25
2016-08-02,32.96
2016-08-03,30.16
2016-08-04,32.46
2016-08-05,30.88
2016-08-06,31.42
2016-08-07,32.03
2016-08-08,31.72
2016-08-09,32.71
2016-08-10,33.66
2016-08-11,30.48
2016-08-12,31.54
2016-08-13,30.76
2016-08-14,32.57
2016-08-15,31.23
2016-08-16,31.43
2016-08-17,31.0
2016-08-18,30.92
2016-08-19,31.39
2016-08-20,29.93
2016-08-21,31.5
2016-08-22,32.1
2016-08-23,32.59
2016-08-24,31.74
2016-08-25,31.92
2016-08-26,32.48
2016-08-27,31.59
2016-08-28,30.75
2016-08-29,32.38
2016-08-30,31.66
2016-08-31,32.05
2016-09-01,33.92
2016-09-02,33.8
2016-09-03,31.49
2016-09-04,31.97
2016-09-05,34.89
2016-09-06,33.01
2016-09-07,34.05
2016-09-08,34.3
2016-09-09,35.05
2016-09-10,33.14
2016-09-11,32.91
2016-09-12,32.97
2016-09-13,32.24
2016-09-14,32.43
2016-09-15,34.02
2016-09-16,33.68
2016-09-17,33.11
2016-09-18,33.21
2016-09-19,33.27
2016-09-20,34.13
2016-09-21,33.22
2016-09-22,32.16
2016-09-23,33.67
2016-09-24,31.52
2016-09-25,33.04
2016-09-26,33.6
2016-09-27,32.63
2016-09-28,32.09
2016-09-29,32.65
2016-09-30,33.5
2016-10-01,33.73
2016-10-02,31.06
2016-10-03,32.13
2016-10-04,35.59
2016-10-05,35.47
2016-10-06,34.99
2016-10-07,35.21
2016-10-08,33.93
2016-10-09,33.29
2016-10-10,34.27
2016-10-11,33.86
2016-10-12,35.6
2016-10-13,34.86
2016-10-14,34.82
2016-10-15,32.83
2016-10-16,33.72
2016-10-17,34.81
2016-10-18,34.96
2016-10-19,34.12
2016-10-20,35.02
2016-10-21,36.03
2016-10-22,33.96
2016-10-23,33.99
2016-10-24,35.42
2016-10-25,35.43
2016-10-26,33.42
2016-10-27,33.98
2016-10-28,33.49
2016-10-29,34.29
2016-10-30,32.15
2016-10-31,32.22
2016-11-01,32.99
2016-11-02,34.29
2016-11-03,33.1
2016-11-04,33.81
2016-11-05,32.25
2016-11-06,34.21
2016-11-07,32.79
2016-11-08,56.41
2016-11-09,55.45
2016-11-10,32.83
2016-11-11,36.08
2016-11-12,33.77
2016-11-13,33.61
2016-11-14,35.4
2016-11-15,33.55
2016-11-16,34.09
2016-11-17,35.1
2016-11-18,33.67
2016-11-19,33.28
2016-11-20,33.95
2016-11-21,33.85
2016-11-22,33.8
2016-11-23,34.3
2016-11-24,34.56
2016-11-25,35.06
2016-11-26,34.21
2016-11-27,33.7
2016-11-28,36.15
2016-11-29,34.05
2016-11-30,34.25
2016-12-01,31.87
2016-12-02,32.37
2016-12-03,30.32
2016-12-04,31.88
2016-12-05,31.0
2016-12-06,34.14
2016-12-07,31.69
2016-12-08,33.14
2016-12-09,33.93
2016-12-10,31.45
2016-12-11,33.36
2016-12-12,31.24
2016-12-13,32.25
2016-12-14,31.27
2016-12-15,32.02
2016-12-16,34.05
2016-12-17,33.07
2016-12-18,30.76
2016-12-19,31.15
2016-12-20,31.54
2016-12-21,31.09
2016-12-22,30.22
2016-12-23,31.74
2016-12-24,32.03
2016-12-25,32.34
2016-12-26,33.23
2016-12-27,31.58
2016-12-28,31.23
2016-12-29,31.99
2016-12-30,32.31
2016-12-31,30.78
2017-01-01,54.26
2017-01-02,33.31
2017-01-03,31.7
2017-01-04,32.8
2017-01-05,31.1
2017-01-06,32.09
2017-01-07,32.74
2017-01-08,33.53
2017-01-09,30.73
2017-01-10,33.25
2017-01-11,32.78
2017-01-12,33.38
2017-01-13,31.67
2017-01-14,33.08
2017-01-15,32.79
2017-01-16,32.62
2017-01-17,32.45
2017-01-18,32.19
2017-01-19,32.79
2017-01-20,32.48
2017-01-21,32.18
2017-01-22,32.87
2017-01-23,34.16
2017-01-24,32.15
2017-01-25,31.85
2017-01-26,32.32
2017-01-27,33.15
2017-01-28,33.21
2017-01-29,32.39
2017-01-30,32.06
2017-01-31,33.35
2017-02-01,34.81
2017-02-02,35.24
2017-02-03,36.31
2017-02-04,35.25
2017-02-05,37.21
2017-02-06,36.89
2017-02-07,34.17
2017-02-08,34.16
2017-02-09,35.98
2017-02-10,36.51
2017-02-11,35.59
2017-02-12,36.09
2017-02-13,33.92
2017-02-14,35.91
2017-02-15,35.4
2017-02-16,51.88
2017-02-17,33.81
2017-02-18,34.8
2017-02-19,35.93
2017-02-20,37.19
2017-02-21,35.33
2017-02-22,35.68
2017-02-23,34.25
2017-02-24,35.56
2017-02-25,35.09
2017-02-26,35.47
2017-02-27,34.7
2017-02-28,36.49
2017-03-01,35.18
2017-03-02,34.09
2017-03-03,32.52
2017-03-04,34.03
2017-03-05,35.31
2017-03-06,34.91
2017-03-07,35.29
2017-03-08,34.03
2017-03-09,33.33
2017-03-10,33.66
2017-03-11,33.65
2017-03-12,35.71
2017-03-13,34.24
2017-03-14,34.12
2017-03-15,34.46
2017-03-16,34.94
2017-03-17,32.79
2017-03-18,35.63
2017-03-19,34.89
2017-03-20,34.56
2017-03-21,34.13
2017-03-22,35.32
2017-03-23,34.67
2017-03-24,35.85
2017-03-25,34.47
2017-03-26,34.11
2017-03-27,34.82
2017-03-28,33.73
2017-03-29,34.25
2017-03-30,34.01
2017-03-31,34.43
2017-04-01,39.65
2017-04-02,37.36
2017-04-03,37.67
2017-04-04,39.92
2017-04-05,38.25
2017-04-06,39.06
2017-04-07,39.04
2017-04-08,38.5
2017-04-09,37.81
2017-04-10,38.09
2017-04-11,38.8
2017-04-12,37.52
2017-04-13,77.76
2017-04-14,74.77
2017-04-15,78.51
2017-04-16,38.03
2017-04-17,38.41
2017-04-18,37.93
2017-04-19,41.49
2017-04-20,37.68
2017-04-21,39.23
2017-04-22,38.95
2017-04-23,39.49
2017-04-24,40.25
2017-04-25,39.62
2017-04-26,39.29
2017-04-27,39.63
2017-04-28,39.82
2017-04-29,38.85
2017-04-30,38.66
2017-05-01,37.42
2017-05-02,39.54
2017-05-03,37.5
2017-05-04,35.25
2017-05-05,37.81
2017-05-06,36.53
2017-05-07,36.58
2017-05-08,36.21
2017-05-09,39.41
2017-05-10,36.44
2017-05-11,37.24
2017-05-12,35.98
2017-05-13,38.25
2017-05-14,35.86
2017-05-15,36.58
2017-05-16,36.34
2017-05-17,38.32
2017-05-18,37.29
2017-05-19,37.93
2017-05-20,37.85
2017-05-21,37.88
2017-05-22,35.98
2017-05-23,36.56
2017-05-24,38.27
2017-05-25,37.01
2017-05-26,57.14
2017-05-27,35.81
2017-05-28,38.93
2017-05-29,37.87
2017-05-30,38.04
2017-05-31,36.73
2017-06-01,40.41
2017-06-02,38.01
2017-06-03,40.55
2017-06-04,37.43
2017-06-05,40.11
2017-06-06,39.53
2017-06-07,39.53
2017-06-08,41.06
2017-06-09,38.96
2017-06-10,39.68
2017-06-11,41.02
2017-06-12,41.05
2017-06-13,38.04
2017-06-14,40.14
2017-06-15,39.53
2017-06-16,40.25
2017-06-17,41.66
2017-06-18,37.82
2017-06-19,40.7
2017-06-20,39.37
2017-06-21,36.83
2017-06-22,40.89
2017-06-23,40.45
2017-06-24,39.11
2017-06-25,37.81
2017-06-26,39.03
2017-06-27,40.36
2017-06-28,39.44
2017-06-29,36.77
2017-06-30,37.71
2017-07-01,37.48
2017-07-02,35.84
2017-07-03,35.57
2017-07-04,36.72
2017-07-05,36.25
2017-07-06,35.59
2017-07-07,38.15
2017-07-08,34.4
2017-07-09,35.99
2017-07-10,34.57
2017-07-11,37.01
2017-07-12,34.78
2017-07-13,34.94
2017-07-14,36.08
2017-07-15,35.94
2017-07-16,36.62
2017-07-17,35.32
2017-07-18,38.99
2017-07-19,35.12
2017-07-20,36.48
2017-07-21,37.54
2017-07-22,37.68
2017-07-23,36.25
2017-07-24,33.76
2017-07-25,35.78
2017-07-26,36.85
2017-07-27,37.57
2017-07-28,35.16
2017-07-29,38.15
2017-07-30,37.92
2017-07-31,36.77
2017-08-01,34.61
2017-08-02,35.3
2017-08-03,37.49
2017-08-04,33.33
2017-08-05,37.77
2017-08-06,36.89
2017-08-07,37.38
2017-08-08,36.06
2017-08-09,36.35
2017-08-10,36.97
2017-08-11,36.47
2017-08-12,37.38
2017-08-13,36.59
2017-08-14,35.98
2017-08-15,37.39
2017-08-16,38.32
2017-08-17,35.8
2017-08-18,37.16
2017-08-19,35.97
2017-08-20,36.57
2017-08-21,36.99
2017-08-22,37.06
2017-08-23,37.73
2017-08-24,37.46
2017-08-25,37.14
2017-08-26,38.06
2017-08-27,35.96
2017-08-28,36.65
2017-08-29,37.35
2017-08-30,35.88
2017-08-31,37.29
2017-09-01,43.2
2017-09-02,42.42
2017-09-03,40.39
2017-09-04,42.26
2017-09-05,43.43
2017-09-06,41.95
2017-09-07,40.1
2017-09-08,41.85
2017-09-09,42.83
2017-09-10,41.96
2017-09-11,41.0
2017-09-12,41.37
2017-09-13,40.06
2017-09-14,41.44
2017-09-15,42.03
2017-09-16,42.91
2017-09-17,41.07
2017-09-18,40.5
2017-09-19,43.99
2017-09-20,42.56
2017-09-21,41.95
2017-09-22,43.95
2017-09-23,44.15
2017-09-24,41.63
2017-09-25,40.77
2017-09-26,41.79
2017-09-27,41.48
2017-09-28,40.52
2017-09-29,42.4
2017-09-30,42.9
2017-10-01,42.26
2017-10-02,39.55
2017-10-03,43.25
2017-10-04,42.52
2017-10-05,44.07
2017-10-06,40.99
2017-10-07,39.51
2017-10-08,40.43
2017-10-09,41.6
2017-10-10,39.72
2017-10-11,41.91
2017-10-12,40.84
2017-10-13,40.99
2017-10-14,41.12
2017-10-15,39.87
2017-10-16,41.24
2017-10-17,38.98
2017-10-18,41.95
2017-10-19,40.66
2017-10-20,40.81
2017-10-21,38.96
2017-10-22,39.65
2017-10-23,40.07
2017-10-24,42.28
2017-10-25,41.47
2017-10-26,40.24
2017-10-27,40.46
2017-10-28,42.07
2017-10-29,40.68
2017-10-30,40.57
2017-10-31,42.34
2017-11-01,43.54
2017-11-02,42.95
2017-11-03,43.29
2017-11-04,46.47
2017-11-05,44.27
2017-11-06,45.91
2017-11-07,43.67
2017-11-08,72.58
2017-11-09,70.76
2017-11-10,44.67
2017-11-11,43.07
2017-11-12,43.14
2017-11-13,43.69
2017-11-14,44.56
2017-11-15,46.72
2017-11-16,45.16
2017-11-17,43.6
2017-11-18,46.28
2017-11-19,46.11
2017-11-20,42.71
2017-11-21,44.31
2017-11-22,45.74
2017-11-23,41.77
2017-11-24,44.41
2017-11-25,45.95
2017-11-26,43.4
2017-11-27,45.41
2017-11-28,44.92
2017-11-29,44.12
2017-11-30,42.0
2017-12-01,40.72
2017-12-02,41.51
2017-12-03,40.72
2017-12-04,43.86
2017-12-05,42.35
2017-12-06,42.65
2017-12-07,40.56
2017-12-08,41.38
2017-12-09,39.75
2017-12-10,41.9
2017-12-11,42.11
2017-12-12,40.16
2017-12-13,43.25
2017-12-14,42.68
2017-12-15,40.55
2017-12-16,40.29
2017-12-17,40.42
2017-12-18,42.41
2017-12-19,42.65
2017-12-20,41.12
2017-12-21,40.97
2017-12-22,41.57
2017-12-23,42.86
2017-12-24,41.53
2017-12-25,42.19
2017-12-26,42.51
2017-12-27,40.92
2017-12-28,43.8
2017-12-29,41.59
2017-12-30,42.18
2017-12-31,39.69
2018-01-01,70.36
2018-01-02,43.47
2018-01-03,44.31
2018-01-04,42.94
2018-01-05,42.7
2018-01-06,43.9
2018-01-07,41.9
2018-01-08,42.47
2018-01-09,42.06
2018-01-10,41.5
2018-01-11,42.43
2018-01-12,41.4
2018-01-13,42.87
2018-01-14,42.9
2018-01-15,43.29
2018-01-16,43.63
2018-01-17,41.75
2018-01-18,42.56
2018-01-19,44.1
2018-01-20,40.28
2018-01-21,41.01
2018-01-22,41.6
2018-01-23,41.53
2018-01-24,41.12
2018-01-25,41.28
2018-01-26,41.78
2018-01-27,43.86
2018-01-28,42.97
2018-01-29,43.03
2018-01-30,42.62
2018-01-31,43.29
2018-02-01,49.74
2018-02-02,49.92
2018-02-03,46.37
2018-02-04,48.48
2018-02-05,44.55
2018-02-06,47.27
2018-02-07,46.34
2018-02-08,46.67
2018-02-09,45.22
2018-02-10,45.33
2018-02-11,46.51
2018-02-12,47.17
2018-02-13,46.17
2018-02-14,46.38
2018-02-15,47.27
2018-02-16,65.64
2018-02-17,45.81
2018-02-18,47.47
2018-02-19,47.64
2018-02-20,44.7
2018-02-21,46.73
2018-02-22,47.94
2018-02-23,48.33
2018-02-24,48.27
2018-02-25,46.01
2018-02-26,46.69
2018-02-27,47.65
2018-02-28,44.79
2018-03-01,41.47
2018-03-02,42.51
2018-03-03,41.7
2018-03-04,41.54
2018-03-05,42.42
2018-03-06,42.17
2018-03-07,40.08
2018-03-08,43.11
2018-03-09,40.61
2018-03-10,42.86
2018-03-11,42.48
2018-03-12,41.81
2018-03-13,39.72
2018-03-14,38.91
2018-03-15,38.99
2018-03-16,40.64
2018-03-17,41.53
2018-03-18,40.91
2018-03-19,42.89
2018-03-20,42.25
2018-03-21,41.16
2018-03-22,43.04
2018-03-23,39.51
2018-03-24,42.64
2018-03-25,41.36
2018-03-26,42.29
2018-03-27,42.76
2018-03-28,42.08
2018-03-29,42.42
2018-03-30,42.06
2018-03-31,42.9
2018-04-01,44.65
2018-04-02,45.55
2018-04-03,45.19
2018-04-04,46.24
2018-04-05,45.65
2018-04-06,46.71
2018-04-07,45.46
2018-04-08,46.04
2018-04-09,47.59
2018-04-10,45.1
2018-04-11,45.35
2018-04-12,49.89
2018-04-13,88.41
2018-04-14,89.97
2018-04-15,92.65
2018-04-16,46.61
2018-04-17,45.87
2018-04-18,46.3
2018-04-19,46.27
2018-04-20,44.88
2018-04-21,47.33
2018-04-22,47.52
2018-04-23,48.36
2018-04-24,48.89
2018-04-25,47.27
2018-04-26,48.07
2018-04-27,45.5
2018-04-28,45.61
2018-04-29,47.52
2018-04-30,46.82
2018-05-01,47.28
2018-05-02,45.79
2018-05-03,46.46
2018-05-04,45.07
2018-05-05,46.93
2018-05-06,45.29
2018-05-07,48.02
2018-05-08,47.75
2018-05-09,45.89
2018-05-10,44.73
2018-05-11,44.71
2018-05-12,46.51
2018-05-13,46.81
2018-05-14,42.4
2018-05-15,44.8
2018-05-16,47.07
2018-05-17,47.3
2018-05-18,47.99
2018-05-19,46.72
2018-05-20,44.32
2018-05-21,47.42
2018-05-22,45.27
2018-05-23,44.54
2018-05-24,44.71
2018-05-25,45.49
2018-05-26,67.54
2018-05-27,43.66
2018-05-28,45.99
2018-05-29,46.42
2018-05-30,44.37
2018-05-31,45.99
2018-06-01,47.81
2018-06-02,49.92
2018-06-03,48.39
2018-06-04,48.5
2018-06-05,48.49
2018-06-06,52.63
2018-06-07,50.01
2018-06-08,47.94
2018-06-09,50.53
2018-06-10,49.82
2018-06-11,50.25
2018-06-12,49.73
2018-06-13,48.1
2018-06-14,48.38
2018-06-15,49.3
2018-06-16,51.29
2018-06-17,47.96
2018-06-18,46.82
2018-06-19,48.73
2018-06-20,49.64
2018-06-21,50.22
2018-06-22,51.34
2018-06-23,46.98
2018-06-24,52.68
2018-06-25,48.02
2018-06-26,48.58
2018-06-27,49.73
2018-06-28,52.47
2018-06-29,48.91
2018-06-30,47.32
2018-07-01,46.25
2018-07-02,45.25
2018-07-03,47.21
2018-07-04,47.82
2018-07-05,49.17
2018-07-06,48.15
2018-07-07,47.04
2018-07-08,50.31
2018-07-09,46.87
2018-07-10,47.73
2018-07-11,46.97
2018-07-12,47.41
2018-07-13,48.49
2018-07-14,44.57
2018-07-15,45.56
2018-07-16,47.24
2018-07-17,45.93
2018-07-18,47.97
2018-07-19,47.94
2018-07-20,47.28
2018-07-21,49.62
2018-07-22,47.0
2018-07-23,46.09
2018-07-24,48.12
2018-07-25,47.55
2018-07-26,45.61
2018-07-27,45.59
2018-07-28,49.0
2018-07-29,46.82
2018-07-30,46.77
2018-07-31,48.55
2018-08-01,47.46
2018-08-02,48.41
2018-08-03,46.89
2018-08-04,48.93
2018-08-05,49.7
2018-08-06,50.31
2018-08-07,49.42
2018-08-08,48.16
2018-08-09,51.84
2018-08-10,50.06
2018-08-11,47.78
2018-08-12,49.19
2018-08-13,47.86
2018-08-14,49.38
2018-08-15,49.84
2018-08-16,52.27
2018-08-17,48.55
2018-08-18,47.51
2018-08-19,46.67
2018-08-20,51.72
2018-08-21,47.49
2018-08-22,48.35
2018-08-23,50.22
2018-08-24,48.63
2018-08-25,49.76
2018-08-26,48.74
2018-08-27,49.85
2018-08-28,49.97
2018-08-29,49.16
2018-08-30,50.03
2018-08-31,49.63
2018-09-01,47.38
2018-09-02,47.42
2018-09-03,46.29
2018-09-04,50.06
2018-09-05,49.19
2018-09-06,48.61
2018-09-07,45.96
2018-09-08,48.81
2018-09-09,49.16
2018-09-10,48.14
2018-09-11,48.31
2018-09-12,47.93
2018-09-13,49.59
2018-09-14,48.69
2018-09-15,49.74
2018-09-16,48.25
2018-09-17,49.9
2018-09-18,48.16
2018-09-19,49.03
2018-09-20,47.79
2018-09-21,48.31
2018-09-22,49.07
2018-09-23,49.7
2018-09-24,48.68
2018-09-25,48.51
2018-09-26,50.77
2018-09-27,47.91
2018-09-28,49.71
2018-09-29,48.82
2018-09-30,48.41
2018-10-01,48.74
2018-10-02,45.92
2018-10-03,45.82
2018-10-04,48.18
2018-10-05,45.87
2018-10-06,47.59
2018-10-07,46.69
2018-10-08,44.98
2018-10-09,47.66
2018-10-10,46.03
2018-10-11,48.69
2018-10-12,45.76
2018-10-13,47.76
2018-10-14,45.19
2018-10-15,45.8
2018-10-16,46.7
2018-10-17,47.06
2018-10-18,47.45
2018-10-19,49.11
2018-10-20,45.02
2018-10-21,48.13
2018-10-22,46.31
2018-10-23,44.43
2018-10-24,45.98
2018-10-25,46.7
2018-10-26,45.75
2018-10-27,48.01
2018-10-28,45.01
2018-10-29,45.25
2018-10-30,47.34
2018-10-31,47.25
2018-11-01,51.02
2018-11-02,52.39
2018-11-03,53.68
2018-11-04,52.05
2018-11-05,50.84
2018-11-06,51.08
2018-11-07,51.82
2018-11-08,83.27
2018-11-09,79.6
2018-11-10,49.65
2018-11-11,56.94
2018-11-12,51.52
2018-11-13,51.44
2018-11-14,51.85
2018-11-15,54.35
2018-11-16,52.4
2018-11-17,52.79
2018-11-18,50.3
2018-11-19,52.06
2018-11-20,54.74
2018-11-21,52.61
2018-11-22,51.35
2018-11-23,50.24
2018-11-24,52.75
2018-11-25,52.87
2018-11-26,53.19
2018-11-27,50.14
2018-11-28,49.88
2018-11-29,52.81
2018-11-30,49.97
2018-12-01,49.45
2018-12-02,49.83
2018-12-03,49.79
2018-12-04,49.64
2018-12-05,50.2
2018-12-06,49.14
2018-12-07,50.3
2018-12-08,48.1
2018-12-09,51.22
2018-12-10,51.11
2018-12-11,51.32
2018-12-12,51.37
2018-12-13,50.91
2018-12-14,50.3
2018-12-15,50.81
2018-12-16,48.2
2018-12-17,50.93
2018-12-18,50.93
2018-12-19,50.55
2018-12-20,51.91
2018-12-21,49.31
2018-12-22,48.92
2018-12-23,49.07
2018-12-24,50.37
2018-12-25,50.45
2018-12-26,52.97
2018-12-27,50.9
2018-12-28,51.31
2018-12-29,50.57
2018-12-30,48.71
2018-12-31,48.86
2019-01-01,90.88
2019-01-02,55.47
2019-01-03,50.97
2019-01-04,51.27
2019-01-05,54.54
2019-01-06,55.07
2019-01-07,54.59
2019-01-08,52.84
2019-01-09,51.33
2019-01-10,51.52
2019-01-11,49.41
2019-01-12,48.33
2019-01-13,54.73
2019-01-14,54.07
2019-01-15,55.07
2019-01-16,53.87
2019-01-17,52.63
2019-01-18,53.75
2019-01-19,53.33
2019-01-20,49.92
2019-01-21,54.73
2019-01-22,51.17
2019-01-23,53.51
2019-01-24,51.15
2019-01-25,53.4
2019-01-26,55.25
2019-01-27,53.32
2019-01-28,53.05
2019-01-29,51.2
2019-01-30,52.72
2019-01-31,50.89
2019-02-01,56.52
2019-02-02,57.9
2019-02-03,59.32
2019-02-04,56.92
2019-02-05,56.72
2019-02-06,53.26
2019-02-07,55.92
2019-02-08,57.01
2019-02-09,55.46
2019-02-10,60.03
2019-02-11,55.92
2019-02-12,54.05
2019-02-13,57.44
2019-02-14,57.79
2019-02-15,56.9
2019-02-16,82.02
2019-02-17,57.85
2019-02-18,58.2
2019-02-19,55.83
2019-02-20,56.98
2019-02-21,56.71
2019-02-22,55.03
2019-02-23,54.91
2019-02-24,56.76
2019-02-25,57.52
2019-02-26,58.9
2019-02-27,58.14
2019-02-28,56.03
2019-03-01,50.92
2019-03-02,51.44
2019-03-03,52.79
2019-03-04,51.36
2019-03-05,51.08
2019-03-06,50.19
2019-03-07,51.64
2019-03-08,51.78
2019-03-09,48.83
2019-03-10,48.43
2019-03-11,52.96
2019-03-12,50.46
2019-03-13,51.58
2019-03-14,49.79
2019-03-15,50.87
2019-03-16,50.13
2019-03-17,50.25
2019-03-18,50.87
2019-03-19,49.92
2019-03-20,48.42
2019-03-21,49.67
2019-03-22,49.88
2019-03-23,49.75
2019-03-24,52.15
2019-03-25,49.67
2019-03-26,52.59
2019-03-27,47.59
2019-03-28,49.11
2019-03-29,50.24
2019-03-30,51.28
2019-03-31,50.1
2019-04-01,54.27
2019-04-02,55.49
2019-04-03,53.04
2019-04-04,51.31
2019-04-05,53.36
2019-04-06,52.2
2019-04-07,53.16
2019-04-08,52.59
2019-04-09,55.18
2019-04-10,54.08
2019-04-11,51.22
2019-04-12,53.81
2019-04-13,108.53
2019-04-14,103.34
2019-04-15,106.18
2019-04-16,54.96
2019-04-17,52.21
2019-04-18,53.17
2019-04-19,53.96
2019-04-20,53.66
2019-04-21,52.6
2019-04-22,53.49
2019-04-23,54.29
2019-04-24,52.28
2019-04-25,52.29
2019-04-26,52.8
2019-04-27,53.05
2019-04-28,57.6
2019-04-29,54.18
2019-04-30,54.23
2019-05-01,50.91
2019-05-02,52.78
2019-05-03,53.63
2019-05-04,52.32
2019-05-05,51.75
2019-05-06,54.88
2019-05-07,53.32
2019-05-08,53.59
2019-05-09,53.7
2019-05-10,53.64
2019-05-11,56.49
2019-05-12,52.5
2019-05-13,52.96
2019-05-14,51.56
2019-05-15,55.77
2019-05-16,53.7
2019-05-17,54.55
2019-05-18,48.97
2019-05-19,51.92
2019-05-20,54.7
2019-05-21,55.5
2019-05-22,54.2
2019-05-23,52.55
2019-05-24,52.51
2019-05-25,54.81
2019-05-26,79.61
2019-05-27,57.1
2019-05-28,57.9
2019-05-29,52.85
2019-05-30,51.78
2019-05-31,54.94
2019-06-01,54.85
2019-06-02,56.51
2019-06-03,55.67
2019-06-04,56.14
2019-06-05,58.31
2019-06-06,54.37
2019-06-07,54.62
2019-06-08,59.53
2019-06-09,55.05
2019-06-10,58.97
2019-06-11,54.97
2019-06-12,55.49
2019-06-13,55.94
2019-06-14,58.38
2019-06-15,56.56
2019-06-16,54.26
2019-06-17,56.39
2019-06-18,57.98
2019-06-19,56.05
2019-06-20,56.31
2019-06-21,54.63
2019-06-22,56.07
2019-06-23,56.07
2019-06-24,57.97
2019-06-25,57.29
2019-06-26,60.33
2019-06-27,56.3
2019-06-28,56.14
2019-06-29,54.52
2019-06-30,55.28
2019-07-01,57.97
2019-07-02,58.54
2019-07-03,58.65
2019-07-04,54.21
2019-07-05,54.34
2019-07-06,52.92
2019-07-07,56.45
2019-07-08,57.28
2019-07-09,60.61
2019-07-10,57.76
2019-07-11,55.9
2019-07-12,56.5
2019-07-13,55.18
2019-07-14,57.95
2019-07-15,58.24
2019-07-16,55.73
2019-07-17,55.75
2019-07-18,57.31
2019-07-19,55.45
2019-07-20,57.42
2019-07-21,55.76
2019-07-22,61.18
2019-07-23,56.33
2019-07-24,57.09
2019-07-25,55.03
2019-07-26,55.74
2019-07-27,55.08
2019-07-28,57.77
2019-07-29,59.4
2019-07-30,54.25
2019-07-31,59.61
2019-08-01,56.36
2019-08-02,58.18
2019-08-03,58.39
2019-08-04,55.95
2019-08-05,60.59
2019-08-06,57.3
2019-08-07,57.15
2019-08-08,57.92
2019-08-09,57.91
2019-08-10,59.27
2019-08-11,54.33
2019-08-12,55.19
2019-08-13,54.73
2019-08-14,57.91
2019-08-15,55.87
2019-08-16,60.7
2019-08-17,55.02
2019-08-18,54.62
2019-08-19,57.3
2019-08-20,55.79
2019-08-21,59.94
2019-08-22,58.04
2019-08-23,59.72
2019-08-24,58.67
2019-08-25,57.05
2019-08-26,61.1
2019-08-27,62.48
2019-08-28,56.47
2019-08-29,58.42
2019-08-30,56.97
2019-08-31,57.72
2019-09-01,54.99
2019-09-02,57.59
2019-09-03,54.79
2019-09-04,59.29
2019-09-05,61.03
2019-09-06,55.29
2019-09-07,58.38
2019-09-08,60.5
2019-09-09,56.73
2019-09-10,55.41
2019-09-11,60.7
2019-09-12,58.55
2019-09-13,56.47
2019-09-14,59.75
2019-09-15,58.1
2019-09-16,58.07
2019-09-17,60.03
2019-09-18,57.81
2019-09-19,59.08
2019-09-20,60.08
2019-09-21,55.98
2019-09-22,57.1
2019-09-23,57.49
2019-09-24,61.56
2019-09-25,57.66
2019-09-26,59.02
2019-09-27,57.67
2019-09-28,56.0
2019-09-29,56.55
2019-09-30,58.28
2019-10-01,56.63
2019-10-02,56.19
2019-10-03,54.76
2019-10-04,57.12
2019-10-05,58.27
2019-10-06,53.02
2019-10-07,55.23
2019-10-08,57.03
2019-10-09,55.38
2019-10-10,57.03
2019-10-11,57.5
2019-10-12,59.18
2019-10-13,56.88
2019-10-14,54.56
2019-10-15,54.44
2019-10-16,53.08
2019-10-17,54.34
2019-10-18,56.5
2019-10-19,56.48
2019-10-20,58.56
2019-10-21,54.99
2019-10-22,58.79
2019-10-23,55.08
2019-10-24,58.32
2019-10-25,59.79
2019-10-26,56.46
2019-10-27,58.86
2019-10-28,55.21
2019-10-29,55.85
2019-10-30,56.48
2019-10-31,58.5
2019-11-01,56.12
2019-11-02,56.47
2019-11-03,59.99
2019-11-04,59.9
2019-11-05,60.02
2019-11-06,55.78
2019-11-07,56.77
2019-11-08,92.7
2019-11-09,94.38
2019-11-10,58.3
2019-11-11,60.5
2019-11-12,56.67
2019-11-13,57.79
2019-11-14,58.87
2019-11-15,56.58
2019-11-16,55.04
2019-11-17,60.21
2019-11-18,56.96
2019-11-19,55.63
2019-11-20,58.33
2019-11-21,57.8
2019-11-22,59.88
2019-11-23,57.61
2019-11-24,56.61
2019-11-25,54.69
2019-11-26,59.92
2019-11-27,58.25
2019-11-28,57.39
2019-11-29,60.83
2019-11-30,56.95
2019-12-01,58.99
2019-12-02,58.88
2019-12-03,59.7
2019-12-04,59.05
2019-12-05,57.69
2019-12-06,60.3
2019-12-07,58.36
2019-12-08,56.91
2019-12-09,58.38
2019-12-10,57.37
2019-12-11,55.02
2019-12-12,58.33
2019-12-13,58.24
2019-12-14,57.04
2019-12-15,56.88
2019-12-16,58.66
2019-12-17,61.16
2019-12-18,59.97
2019-12-19,58.74
2019-12-20,59.24
2019-12-21,59.62
2019-12-22,60.13
2019-12-23,55.23
2019-12-24,59.83
2019-12-25,59.39
2019-12-26,57.39
2019-12-27,63.32
2019-12-28,62.6
2019-12-29,59.58
2019-12-30,59.28
2019-12-31,60.97
2020-01-01,103.14
2020-01-02,63.96
2020-01-03,58.38
2020-01-04,61.04
2020-01-05,60.89
2020-01-06,58.43
2020-01-07,58.49
2020-01-08,59.9
2020-01-09,59.2
2020-01-10,60.85
2020-01-11,61.81
2020-01-12,61.69
2020-01-13,63.93
2020-01-14,58.97
2020-01-15,61.46
2020-01-16,58.59
2020-01-17,63.29
2020-01-18,58.72
2020-01-19,61.78
2020-01-20,59.63
2020-01-21,61.11
2020-01-22,59.9
2020-01-23,60.25
2020-01-24,59.95
2020-01-25,60.25
2020-01-26,60.2
2020-01-27,60.5
2020-01-28,61.41
2020-01-29,56.83
2020-01-30,59.45
2020-01-31,61.61
2020-02-01,63.96
2020-02-02,63.79
2020-02-03,63.23
2020-02-04,59.55
2020-02-05,62.83
2020-02-06,62.62
2020-02-07,58.15
2020-02-08,65.85
2020-02-09,66.28
2020-02-10,61.59
2020-02-11,64.91
2020-02-12,64.3
2020-02-13,66.02
2020-02-14,64.93
2020-02-15,65.83
2020-02-16,92.67
2020-02-17,62.89
2020-02-18,66.65
2020-02-19,64.27
2020-02-20,64.81
2020-02-21,63.25
2020-02-22,66.24
2020-02-23,65.74
2020-02-24,60.04
2020-02-25,63.5
2020-02-26,64.78
2020-02-27,64.65
2020-02-28,66.65
2020-02-29,63.65
2020-03-01,62.85
2020-03-02,61.74
2020-03-03,63.54
2020-03-04,61.18
2020-03-05,63.67
2020-03-06,61.48
2020-03-07,61.17
2020-03-08,64.09
2020-03-09,63.47
2020-03-10,66.82
2020-03-11,64.67
2020-03-12,62.61
2020-03-13,62.77
2020-03-14,58.92
2020-03-15,62.76
2020-03-16,63.3
2020-03-17,61.58
2020-03-18,59.83
2020-03-19,62.58
2020-03-20,60.41
2020-03-21,58.91
2020-03-22,62.3
2020-03-23,61.95
2020-03-24,62.57
2020-03-25,61.85
2020-03-26,65.4
2020-03-27,61.04
2020-03-28,59.51
2020-03-29,63.09
2020-03-30,62.9
2020-03-31,61.45
2020-04-01,67.3
2020-04-02,63.19
2020-04-03,61.96
2020-04-04,65.37
2020-04-05,58.61
2020-04-06,65.14
2020-04-07,64.12
2020-04-08,62.84
2020-04-09,64.56
2020-04-10,64.47
2020-04-11,65.73
2020-04-12,66.07
2020-04-13,126.32
2020-04-14,134.69
2020-04-15,130.74
2020-04-16,64.14
2020-04-17,64.52
2020-04-18,63.08
2020-04-19,64.49
2020-04-20,65.87
2020-04-21,61.63
2020-04-22,62.99
2020-04-23,64.53
2020-04-24,67.24
2020-04-25,59.66
2020-04-26,62.71
2020-04-27,64.82
2020-04-28,65.18
2020-04-29,63.99
2020-04-30,66.81
2020-05-01,65.4
2020-05-02,61.78
2020-05-03,59.47
2020-05-04,62.24
2020-05-05,58.98
2020-05-06,61.39
2020-05-07,61.48
2020-05-08,60.93
2020-05-09,58.83
2020-05-10,58.18
2020-05-11,60.94
2020-05-12,59.42
2020-05-13,61.16
2020-05-14,62.2
2020-05-15,60.58
2020-05-16,58.2
2020-05-17,59.61
2020-05-18,64.83
2020-05-19,60.22
2020-05-20,58.77
2020-05-21,59.49
2020-05-22,57.97
2020-05-23,61.1
2020-05-24,54.26
2020-05-25,61.97
2020-05-26,93.63
2020-05-27,59.9
2020-05-28,56.86
2020-05-29,60.42
2020-05-30,64.53
2020-05-31,61.16
2020-06-01,64.59
2020-06-02,61.94
2020-06-03,67.19
2020-06-04,67.53
2020-06-05,61.7
2020-06-06,63.57
2020-06-07,64.24
2020-06-08,64.61
2020-06-09,67.31
2020-06-10,64.32
2020-06-11,63.46
2020-06-12,67.94
2020-06-13,63.67
2020-06-14,63.21
2020-06-15,64.39
2020-06-16,65.81
2020-06-17,64.15
2020-06-18,63.42
2020-06-19,63.31
2020-06-20,65.63
2020-06-21,65.1
2020-06-22,65.64
2020-06-23,61.24
2020-06-24,64.37
2020-06-25,63.41
2020-06-26,62.53
2020-06-27,61.75
2020-06-28,63.75
2020-06-29,64.03
2020-06-30,64.22
2020-07-01,65.27
2020-07-02,64.89
2020-07-03,65.33
2020-07-04,68.03
2020-07-05,62.89
2020-07-06,62.14
2020-07-07,66.24
2020-07-08,60.28
2020-07-09,60.16
2020-07-10,61.98
2020-07-11,65.27
2020-07-12,66.17
2020-07-13,63.11
2020-07-14,65.09
2020-07-15,63.32
2020-07-16,63.28
2020-07-17,64.99
2020-07-18,68.12
2020-07-19,65.27
2020-07-20,63.13
2020-07-21,67.15
2020-07-22,65.27
2020-07-23,63.35
2020-07-24,59.72
2020-07-25,60.3
2020-07-26,66.64
2020-07-27,64.63
2020-07-28,61.67
2020-07-29,62.33
2020-07-30,61.46
2020-07-31,63.88
2020-08-01,63.99
2020-08-02,64.34
2020-08-03,64.61
2020-08-04,68.58
2020-08-05,66.76
2020-08-06,66.39
2020-08-07,65.45
2020-08-08,67.96
2020-08-09,64.01
2020-08-10,63.74
2020-08-11,66.58
2020-08-12,64.68
2020-08-13,69.7
2020-08-14,64.46
2020-08-15,63.97
2020-08-16,68.42
2020-08-17,64.76
2020-08-18,66.29
2020-08-19,65.91
2020-08-20,68.38
2020-08-21,65.01
2020-08-22,67.32
2020-08-23,68.23
2020-08-24,64.95
2020-08-25,69.1
2020-08-26,65.46
2020-08-27,66.43
2020-08-28,66.69
2020-08-29,67.55
2020-08-30,66.76
2020-08-31,65.57
2020-09-01,67.94
2020-09-02,71.09
2020-09-03,69.35
2020-09-04,70.39
2020-09-05,66.77
2020-09-06,64.13
2020-09-07,64.23
2020-09-08,70.33
2020-09-09,68.96
2020-09-10,68.25
2020-09-11,68.07
2020-09-12,66.89
2020-09-13,66.46
2020-09-14,66.43
2020-09-15,65.64
2020-09-16,66.7
2020-09-17,68.62
2020-09-18,66.26
2020-09-19,67.2
2020-09-20,67.62
2020-09-21,69.17
2020-09-22,67.72
2020-09-23,65.62
2020-09-24,65.87
2020-09-25,69.37
2020-09-26,67.91
2020-09-27,68.78
2020-09-28,69.28
2020-09-29,68.36
2020-09-30,69.1
2020-10-01,65.02
2020-10-02,68.73
2020-10-03,67.25
2020-10-04,69.28
2020-10-05,65.82
2020-10-06,71.61
2020-10-07,70.29
2020-10-08,66.14
2020-10-09,62.17
2020-10-10,65.67
2020-10-11,65.83
2020-10-12,65.81
2020-10-13,68.75
2020-10-14,69.97
2020-10-15,64.43
2020-10-16,62.58
2020-10-17,63.32
2020-10-18,67.66
2020-10-19,68.52
2020-10-20,67.12
2020-10-21,67.21
2020-10-22,67.36
2020-10-23,67.05
2020-10-24,68.37
2020-10-25,65.44
2020-10-26,65.24
2020-10-27,66.47
2020-10-28,65.66
2020-10-29,67.75
2020-10-30,71.67
2020-10-31,70.27
2020-11-01,70.42
2020-11-02,68.93
2020-11-03,68.42
2020-11-04,68.56
2020-11-05,70.05
2020-11-06,68.03
2020-11-07,67.05
2020-11-08,111.93
2020-11-09,111.13
2020-11-10,69.9
2020-11-11,67.14
2020-11-12,68.18
2020-11-13,69.11
2020-11-14,67.4
2020-11-15,64.99
2020-11-16,71.27
2020-11-17,69.38
2020-11-18,68.26
2020-11-19,67.43
2020-11-20,69.28
2020-11-21,69.07
2020-11-22,66.41
2020-11-23,67.07
2020-11-24,68.88
2020-11-25,75.09
2020-11-26,69.06
2020-11-27,70.89
2020-11-28,72.56
2020-11-29,70.23
2020-11-30,69.93
2020-12-01,67.84
2020-12-02,66.67
2020-12-03,65.76
2020-12-04,66.53
2020-12-05,71.17
2020-12-06,68.08
2020-12-07,69.17
2020-12-08,66.86
2020-12-09,68.09
2020-12-10,69.45
2020-12-11,66.06
2020-12-12,69.33
2020-12-13,69.02
2020-12-14,69.89
2020-12-15,66.54
2020-12-16,65.2
2020-12-17,70.44
2020-12-18,63.64
2020-12-19,68.28
2020-12-20,69.35
2020-12-21,69.18
2020-12-22,65.17
2020-12-23,68.61
2020-12-24,65.89
2020-12-25,62.64
2020-12-26,66.7
2020-12-27,68.23
2020-12-28,64.96
2020-12-29,64.71
2020-12-30,64.26
2020-12-31,66.44
2021-01-01,110.55
2021-01-02,67.08
2021-01-03,68.27
2021-01-04,66.49
2021-01-05,65.88
2021-01-06,62.5
2021-01-07,65.8
2021-01-08,67.32
2021-01-09,66.66
2021-01-10,65.94
2021-01-11,64.51
2021-01-12,68.45
2021-01-13,71.08
2021-01-14,62.79
2021-01-15,64.58
2021-01-16,71.2
2021-01-17,65.67
2021-01-18,68.93
2021-01-19,65.03
2021-01-20,67.26
2021-01-21,68.38
2021-01-22,67.58
2021-01-23,69.25
2021-01-24,64.58
2021-01-25,66.06
2021-01-26,69.35
2021-01-27,67.31
2021-01-28,65.68
2021-01-29,67.65
2021-01-30,63.35
2021-01-31,64.06
2021-02-01,76.67
2021-02-02,75.17
2021-02-03,76.65
2021-02-04,77.84
2021-02-05,75.67
2021-02-06,71.64
2021-02-07,78.01
2021-02-08,75.8
2021-02-09,74.62
2021-02-10,71.93
2021-02-11,76.45
2021-02-12,77.98
2021-02-13,79.63
2021-02-14,76.61
2021-02-15,74.55
2021-02-16,113.41
2021-02-17,73.52
2021-02-18,72.99
2021-02-19,75.69
2021-02-20,75.56
2021-02-21,68.67
2021-02-22,73.87
2021-02-23,76.35
2021-02-24,84.82
2021-02-25,74.94
2021-02-26,78.49
2021-02-27,76.41
2021-02-28,76.66
2021-03-01,67.1
2021-03-02,68.58
2021-03-03,71.59
2021-03-04,67.86
2021-03-05,70.42
2021-03-06,68.04
2021-03-07,72.76
2021-03-08,66.37
2021-03-09,72.22
2021-03-10,68.0
2021-03-11,73.02
2021-03-12,66.9
2021-03-13,67.89
2021-03-14,73.15
2021-03-15,70.27
2021-03-16,68.89
2021-03-17,66.67
2021-03-18,68.03
2021-03-19,68.75
2021-03-20,71.97
2021-03-21,68.35
2021-03-22,68.69
2021-03-23,71.1
2021-03-24,74.93
2021-03-25,72.65
2021-03-26,69.96
2021-03-27,73.1
2021-03-28,68.8
2021-03-29,64.47
2021-03-30,70.12
2021-03-31,67.52
2021-04-01,74.29
2021-04-02,72.72
2021-04-03,72.94
2021-04-04,71.05
2021-04-05,71.37
2021-04-06,75.32
2021-04-07,69.21
2021-04-08,74.83
2021-04-09,69.69
2021-04-10,73.72
2021-04-11,69.33
2021-04-12,76.13
2021-04-13,145.93
2021-04-14,152.27
2021-04-15,136.45
2021-04-16,74.85
2021-04-17,72.71
2021-04-18,71.19
2021-04-19,75.23
2021-04-20,72.01
2021-04-21,70.75
2021-04-22,72.34
2021-04-23,70.39
2021-04-24,72.05
2021-04-25,71.75
2021-04-26,72.21
2021-04-27,72.84
2021-04-28,74.27
2021-04-29,70.39
2021-04-30,76.1
2021-05-01,73.72
2021-05-02,70.28
2021-05-03,69.15
2021-05-04,74.08
2021-05-05,71.62
2021-05-06,72.76
2021-05-07,74.65
2021-05-08,72.78
2021-05-09,75.53
2021-05-10,73.37
2021-05-11,69.98
2021-05-12,75.86
2021-05-13,74.0
2021-05-14,72.36
2021-05-15,76.2
2021-05-16,70.09
2021-05-17,71.04
2021-05-18,73.82
2021-05-19,73.64
2021-05-20,71.27
2021-05-21,77.36
2021-05-22,70.83
2021-05-23,71.2
2021-05-24,74.13
2021-05-25,76.48
2021-05-26,109.89
2021-05-27,76.51
2021-05-28,73.5
2021-05-29,74.18
2021-05-30,72.16
2021-05-31,76.34
2021-06-01,76.02
2021-06-02,72.88
2021-06-03,74.34
2021-06-04,68.46
2021-06-05,79.17
2021-06-06,73.21
2021-06-07,74.08
2021-06-08,80.28
2021-06-09,72.4
2021-06-10,78.84
2021-06-11,75.63
2021-06-12,70.88
2021-06-13,76.78
2021-06-14,77.76
2021-06-15,72.8
2021-06-16,75.29
2021-06-17,73.62
2021-06-18,75.54
2021-06-19,74.54
2021-06-20,74.74
2021-06-21,72.5
2021-06-22,76.91
2021-06-23,74.92
2021-06-24,75.49
2021-06-25,74.54
2021-06-26,75.03
2021-06-27,77.4
2021-06-28,77.77
2021-06-29,76.26
2021-06-30,77.96
2021-07-01,72.13
2021-07-02,74.82
2021-07-03,72.8
2021-07-04,70.29
2021-07-05,70.09
2021-07-06,70.69
2021-07-07,67.37
2021-07-08,72.94
2021-07-09,75.12
2021-07-10,72.46
2021-07-11,68.87
2021-07-12,67.17
2021-07-13,75.27
2021-07-14,72.09
2021-07-15,76.49
2021-07-16,71.46
2021-07-17,73.73
2021-07-18,72.6
2021-07-19,72.0
2021-07-20,72.14
2021-07-21,70.89
2021-07-22,69.74
2021-07-23,71.38
2021-07-24,69.15
2021-07-25,68.37
2021-07-26,71.08
2021-07-27,69.16
2021-07-28,71.71
2021-07-29,71.47
2021-07-30,72.1
2021-07-31,72.3
2021-08-01,73.17
2021-08-02,71.32
2021-08-03,70.29
2021-08-04,72.72
2021-08-05,73.92
2021-08-06,75.8
2021-08-07,74.47
2021-08-08,73.01
2021-08-09,73.3
2021-08-10,74.21
2021-08-11,68.32
2021-08-12,72.99
2021-08-13,72.8
2021-08-14,73.09
2021-08-15,71.56
2021-08-16,73.63
2021-08-17,70.21
2021-08-18,72.74
2021-08-19,73.42
2021-08-20,73.25
2021-08-21,79.29
2021-08-22,70.26
2021-08-23,72.45
2021-08-24,73.04
2021-08-25,71.45
2021-08-26,73.77
2021-08-27,70.3
2021-08-28,73.99
2021-08-29,68.59
2021-08-30,74.46
2021-08-31,74.04
2021-09-01,73.89
2021-09-02,79.49
2021-09-03,77.95
2021-09-04,74.94
2021-09-05,77.32
2021-09-06,77.88
2021-09-07,80.41
2021-09-08,79.81
2021-09-09,77.12
2021-09-10,75.07
2021-09-11,77.25
2021-09-12,80.76
2021-09-13,74.73
2021-09-14,77.34
2021-09-15,75.95
2021-09-16,76.72
2021-09-17,74.78
2021-09-18,77.98
2021-09-19,77.14
2021-09-20,78.24
2021-09-21,75.69
2021-09-22,74.37
2021-09-23,80.39
2021-09-24,73.11
2021-09-25,75.2
2021-09-26,78.3
2021-09-27,73.25
2021-09-28,73.88
2021-09-29,76.05
2021-09-30,75.57
2021-10-01,74.15
2021-10-02,72.45
2021-10-03,79.31
2021-10-04,77.68
2021-10-05,73.14
2021-10-06,73.23
2021-10-07,79.78
2021-10-08,72.58
2021-10-09,72.43
2021-10-10,73.97
2021-10-11,75.0
2021-10-12,76.52
2021-10-13,71.23
2021-10-14,76.1
2021-10-15,73.57
2021-10-16,74.85
2021-10-17,73.04
2021-10-18,71.4
2021-10-19,76.37
2021-10-20,73.06
2021-10-21,73.06
2021-10-22,73.18
2021-10-23,78.04
2021-10-24,78.77
2021-10-25,74.27
2021-10-26,73.21
2021-10-27,72.33
2021-10-28,75.98
2021-10-29,75.97
2021-10-30,78.43
2021-10-31,74.71
2021-11-01,80.6
2021-11-02,80.41
2021-11-03,78.86
2021-11-04,78.34
2021-11-05,75.38
2021-11-06,83.09
2021-11-07,77.67
2021-11-08,128.39
2021-11-09,131.69
2021-11-10,74.21
2021-11-11,81.97
2021-11-12,79.08
2021-11-13,80.72
2021-11-14,74.57
2021-11-15,77.22
2021-11-16,81.31
2021-11-17,80.06
2021-11-18,80.61
2021-11-19,80.34
2021-11-20,84.1
2021-11-21,78.58
2021-11-22,82.02
2021-11-23,82.16
2021-11-24,82.61
2021-11-25,77.37
2021-11-26,84.0
2021-11-27,75.24
2021-11-28,80.32
2021-11-29,82.47
2021-11-30,80.82
2021-12-01,78.97
2021-12-02,77.45
2021-12-03,81.4
2021-12-04,76.61
2021-12-05,79.35
2021-12-06,78.93
2021-12-07,78.55
2021-12-08,80.85
2021-12-09,81.51
2021-12-10,81.26
2021-12-11,77.83
2021-12-12,79.74
2021-12-13,84.11
2021-12-14,74.44
2021-12-15,75.96
2021-12-16,78.44
2021-12-17,78.27
2021-12-18,78.5
2021-12-19,74.87
2021-12-20,76.52
2021-12-21,78.04
2021-12-22,78.39
2021-12-23,79.94
2021-12-24,77.21
2021-12-25,77.36
2021-12-26,76.82
2021-12-27,77.78
2021-12-28,78.94
2021-12-29,82.93
2021-12-30,81.32
2021-12-31,79.89
2022-01-01,127.28
2022-01-02,77.49
2022-01-03,75.48
2022-01-04,78.65
2022-01-05,72.52
2022-01-06,78.41
2022-01-07,79.5
2022-01-08,73.69
2022-01-09,74.41
2022-01-10,79.89
2022-01-11,82.21
2022-01-12,78.42
2022-01-13,77.78
2022-01-14,77.53
2022-01-15,81.07
2022-01-16,75.87
2022-01-17,74.28
2022-01-18,72.87
2022-01-19,74.47
2022-01-20,75.53
2022-01-21,81.23
2022-01-22,79.61
2022-01-23,72.32
2022-01-24,76.3
2022-01-25,76.62
2022-01-26,78.69
2022-01-27,74.65
2022-01-28,74.7
2022-01-29,79.03
2022-01-30,71.59
2022-01-31,80.68
2022-02-01,85.37
2022-02-02,87.04
2022-02-03,87.51
2022-02-04,84.0
2022-02-05,87.36
2022-02-06,91.4
2022-02-07,82.13
2022-02-08,85.18
2022-02-09,81.45
2022-02-10,88.73
2022-02-11,87.72
2022-02-12,90.89
2022-02-13,84.3
2022-02-14,81.21
2022-02-15,88.53
2022-02-16,128.69
2022-02-17,88.34
2022-02-18,87.95
2022-02-19,82.09
2022-02-20,85.62
2022-02-21,85.84
2022-02-22,85.38
2022-02-23,90.09
2022-02-24,84.5
2022-02-25,85.4
2022-02-26,83.08
2022-02-27,84.94
2022-02-28,85.1
2022-03-01,73.45
2022-03-02,72.91
2022-03-03,75.05
2022-03-04,75.24
2022-03-05,76.19
2022-03-06,71.92
2022-03-07,73.5
2022-03-08,72.24
2022-03-09,72.41
2022-03-10,75.94
2022-03-11,72.03
2022-03-12,74.58
2022-03-13,73.18
2022-03-14,75.9
2022-03-15,73.64
2022-03-16,74.79
2022-03-17,69.84
2022-03-18,75.06
2022-03-19,74.87
2022-03-20,73.66
2022-03-21,70.87
2022-03-22,76.0
2022-03-23,78.06
2022-03-24,75.04
2022-03-25,76.31
2022-03-26,74.56
2022-03-27,76.09
2022-03-28,75.78
2022-03-29,75.32
2022-03-30,75.6
2022-03-31,73.96
2022-04-01,83.96
2022-04-02,80.02
2022-04-03,85.5
2022-04-04,83.1
2022-04-05,79.78
2022-04-06,81.85
2022-04-07,82.18
2022-04-08,84.23
2022-04-09,80.76
2022-04-10,84.01
2022-04-11,83.25
2022-04-12,82.12
2022-04-13,159.99
2022-04-14,158.29
2022-04-15,151.25
2022-04-16,85.15
2022-04-17,84.33
2022-04-18,79.02
2022-04-19,83.57
2022-04-20,86.4
2022-04-21,82.54
2022-04-22,81.84
2022-04-23,85.01
2022-04-24,78.8
2022-04-25,79.24
2022-04-26,82.76
2022-04-27,82.72
2022-04-28,83.1
2022-04-29,79.99
2022-04-30,81.07
2022-05-01,78.75
2022-05-02,80.82
2022-05-03,82.73
2022-05-04,81.45
2022-05-05,78.88
2022-05-06,82.11
2022-05-07,80.08
2022-05-08,81.99
2022-05-09,77.26
2022-05-10,78.8
2022-05-11,78.66
2022-05-12,82.47
2022-05-13,79.65
2022-05-14,81.65
2022-05-15,82.95
2022-05-16,82.72
2022-05-17,80.0
2022-05-18,78.87
2022-05-19,79.97
2022-05-20,79.96
2022-05-21,82.03
2022-05-22,79.19
2022-05-23,87.01
2022-05-24,78.85
2022-05-25,78.73
2022-05-26,114.7
2022-05-27,81.0
2022-05-28,79.04
2022-05-29,80.6
2022-05-30,83.78
2022-05-31,82.62
2022-06-01,79.98
2022-06-02,84.33
2022-06-03,84.03
2022-06-04,87.32
2022-06-05,86.52
2022-06-06,86.54
2022-06-07,85.83
2022-06-08,82.22
2022-06-09,85.0
2022-06-10,80.69
2022-06-11,80.36
2022-06-12,84.45
2022-06-13,82.92
2022-06-14,82.87
2022-06-15,86.51
2022-06-16,85.44
2022-06-17,82.29
2022-06-18,80.18
2022-06-19,85.78
2022-06-20,83.75
2022-06-21,80.84
2022-06-22,84.96
2022-06-23,88.34
2022-06-24,87.92
2022-06-25,89.37
2022-06-26,85.5
2022-06-27,83.54
2022-06-28,83.73
2022-06-29,88.97
2022-06-30,83.83
2022-07-01,84.13
2022-07-02,79.79
2022-07-03,80.91
2022-07-04,80.86
2022-07-05,83.94
2022-07-06,84.91
2022-07-07,84.48
2022-07-08,78.32
2022-07-09,82.5
2022-07-10,86.64
2022-07-11,78.56
2022-07-12,82.0
2022-07-13,78.92
2022-07-14,80.54
2022-07-15,82.08
2022-07-16,79.54
2022-07-17,83.6
2022-07-18,82.86
2022-07-19,83.64
2022-07-20,83.88
2022-07-21,82.44
2022-07-22,77.38
2022-07-23,82.94
2022-07-24,81.84
2022-07-25,81.15
2022-07-26,85.17
2022-07-27,84.31
2022-07-28,80.4
2022-07-29,84.11
2022-07-30,86.33
2022-07-31,76.76
2022-08-01,78.82
2022-08-02,75.93
2022-08-03,79.64
2022-08-04,80.28
2022-08-05,79.26
2022-08-06,84.27
2022-08-07,81.92
2022-08-08,79.14
2022-08-09,74.28
2022-08-10,79.52
2022-08-11,82.85
2022-08-12,78.12
2022-08-13,83.89
2022-08-14,78.66
2022-08-15,75.8
2022-08-16,73.74
2022-08-17,76.55
2022-08-18,79.21
2022-08-19,83.86
2022-08-20,79.32
2022-08-21,83.63
2022-08-22,78.58
2022-08-23,72.39
2022-08-24,82.88
2022-08-25,79.77
2022-08-26,81.93
2022-08-27,79.47
2022-08-28,78.23
2022-08-29,77.48
2022-08-30,78.5
2022-08-31,79.48
2022-09-01,80.07
2022-09-02,83.27
2022-09-03,83.98
2022-09-04,78.28
2022-09-05,86.84
2022-09-06,80.98
2022-09-07,81.63
2022-09-08,81.35
2022-09-09,84.64
2022-09-10,81.95
2022-09-11,80.19
2022-09-12,81.91
2022-09-13,79.33
2022-09-14,78.12
2022-09-15,79.5
2022-09-16,82.02
2022-09-17,80.76
2022-09-18,82.93
2022-09-19,82.57
2022-09-20,84.38
2022-09-21,77.38
2022-09-22,81.63
2022-09-23,85.24
2022-09-24,85.53
2022-09-25,83.84
2022-09-26,81.03
2022-09-27,81.13
2022-09-28,83.85
2022-09-29,79.91
2022-09-30,80.14
2022-10-01,83.43
2022-10-02,86.55
2022-10-03,86.43
2022-10-04,82.15
2022-10-05,82.24
2022-10-06,84.94
2022-10-07,84.83
2022-10-08,82.39
2022-10-09,77.27
2022-10-10,82.12
2022-10-11,87.28
2022-10-12,84.1
2022-10-13,82.91
2022-10-14,85.55
2022-10-15,83.59
2022-10-16,79.44
2022-10-17,79.01
2022-10-18,81.8
2022-10-19,80.3
2022-10-20,81.91
2022-10-21,79.15
2022-10-22,78.71
2022-10-23,84.35
2022-10-24,83.33
2022-10-25,75.74
2022-10-26,78.95
2022-10-27,81.35
2022-10-28,80.8
2022-10-29,80.03
2022-10-30,82.89
2022-10-31,79.72
2022-11-01,87.08
2022-11-02,91.08
2022-11-03,88.26
2022-11-04,83.58
2022-11-05,87.34
2022-11-06,87.22
2022-11-07,89.07
2022-11-08,142.74
2022-11-09,140.19
2022-11-10,85.26
2022-11-11,85.59
2022-11-12,90.74
2022-11-13,86.28
2022-11-14,90.49
2022-11-15,87.04
2022-11-16,88.36
2022-11-17,90.02
2022-11-18,84.48
2022-11-19,90.66
2022-11-20,88.51
2022-11-21,90.84
2022-11-22,88.64
2022-11-23,86.86
2022-11-24,89.08
2022-11-25,87.09
2022-11-26,87.22
2022-11-27,88.21
2022-11-28,88.87
2022-11-29,84.02
2022-11-30,89.19
2022-12-01,92.05
2022-12-02,89.06
2022-12-03,90.7
2022-12-04,88.62
2022-12-05,87.0
2022-12-06,88.44
2022-12-07,86.54
2022-12-08,88.65
2022-12-09,90.89
2022-12-10,89.9
2022-12-11,86.49
2022-12-12,87.55
2022-12-13,94.12
2022-12-14,85.95
2022-12-15,91.49
2022-12-16,92.11
2022-12-17,90.6
2022-12-18,88.29
2022-12-19,88.96
2022-12-20,85.08
2022-12-21,89.22
2022-12-22,87.55
2022-12-23,89.15
2022-12-24,86.04
2022-12-25,90.24
2022-12-26,89.08
2022-12-27,86.34
2022-12-28,87.08
2022-12-29,88.56
2022-12-30,88.82
2022-12-31,89.06
2023-01-01,155.24
2023-01-02,81.52
2023-01-03,87.23
2023-01-04,90.36
2023-01-05,83.42
2023-01-06,85.55
2023-01-07,88.86
2023-01-08,91.14
2023-01-09,88.8
2023-01-10,86.96
2023-01-11,86.94
2023-01-12,87.59
2023-01-13,87.66
2023-01-14,87.22
2023-01-15,85.06
2023-01-16,84.17
2023-01-17,93.52
2023-01-18,87.42
2023-01-19,85.85
2023-01-20,89.4
2023-01-21,88.5
2023-01-22,88.68
2023-01-23,88.27
2023-01-24,86.48
2023-01-25,89.47
2023-01-26,94.26
2023-01-27,87.01
2023-01-28,85.92
2023-01-29,89.01
2023-01-30,87.97
2023-01-31,85.24
2023-02-01,92.99
2023-02-02,92.73
2023-02-03,93.72
2023-02-04,95.31
2023-02-05,96.46
2023-02-06,90.21
2023-02-07,94.69
2023-02-08,90.4
2023-02-09,96.67
2023-02-10,96.26
2023-02-11,98.67
2023-02-12,95.68
2023-02-13,94.2
2023-02-14,97.89
2023-02-15,94.76
2023-02-16,141.28
2023-02-17,90.07
2023-02-18,93.46
2023-02-19,91.42
2023-02-20,97.15
2023-02-21,93.96
2023-02-22,99.62
2023-02-23,92.67
2023-02-24,94.13
2023-02-25,91.21
2023-02-26,93.27
2023-02-27,97.49
2023-02-28,93.61
2023-03-01,86.2
2023-03-02,90.1
2023-03-03,92.27
2023-03-04,99.54
2023-03-05,94.14
2023-03-06,92.45
2023-03-07,96.09
2023-03-08,89.59
2023-03-09,90.89
2023-03-10,88.86
2023-03-11,91.29
2023-03-12,93.37
2023-03-13,91.82
2023-03-14,90.75
2023-03-15,98.22
2023-03-16,96.63
2023-03-17,89.42
2023-03-18,93.06
2023-03-19,92.07
2023-03-20,94.27
2023-03-21,96.08
2023-03-22,91.77
2023-03-23,90.77
2023-03-24,94.09
2023-03-25,93.08
2023-03-26,94.38
2023-03-27,88.84
2023-03-28,100.27
2023-03-29,89.36
2023-03-30,90.28
2023-03-31,89.99
2023-04-01,90.09
2023-04-02,89.47
2023-04-03,84.54
2023-04-04,89.65
2023-04-05,85.88
2023-04-06,93.34
2023-04-07,92.72
2023-04-08,86.93
2023-04-09,91.33
2023-04-10,85.08
2023-04-11,89.03
2023-04-12,89.82
2023-04-13,186.57
2023-04-14,181.68
2023-04-15,185.73
2023-04-16,88.94
2023-04-17,83.57
2023-04-18,90.93
2023-04-19,90.74
2023-04-20,92.87
2023-04-21,89.48
2023-04-22,91.48
2023-04-23,85.44
2023-04-24,89.75
2023-04-25,89.68
2023-04-26,87.69
2023-04-27,91.89
2023-04-28,90.06
2023-04-29,87.49
2023-04-30,88.71
2023-05-01,96.59
2023-05-02,87.24
2023-05-03,93.49
2023-05-04,96.17
2023-05-05,94.19
2023-05-06,89.99
2023-05-07,87.51
2023-05-08,90.08
2023-05-09,94.09
2023-05-10,90.59
2023-05-11,95.72
2023-05-12,93.01
2023-05-13,89.81
2023-05-14,95.7
2023-05-15,89.25
2023-05-16,91.24
2023-05-17,94.66
2023-05-18,97.28
2023-05-19,94.37
2023-05-20,98.6
2023-05-21,91.4
2023-05-22,94.95
2023-05-23,91.02
2023-05-24,89.53
2023-05-25,98.2
2023-05-26,139.0
2023-05-27,93.48
2023-05-28,96.54
2023-05-29,85.75
2023-05-30,92.57
2023-05-31,96.54
2023-06-01,98.41
2023-06-02,101.05
2023-06-03,98.9
2023-06-04,97.8
2023-06-05,100.46
2023-06-06,98.85
2023-06-07,99.62
2023-06-08,97.37
2023-06-09,98.56
2023-06-10,102.32
2023-06-11,96.09
2023-06-12,97.97
2023-06-13,96.21
2023-06-14,94.46
2023-06-15,97.27
2023-06-16,98.5
2023-06-17,99.11
2023-06-18,96.41
2023-06-19,99.73
2023-06-20,97.95
2023-06-21,99.88
2023-06-22,96.23
2023-06-23,98.17
2023-06-24,99.08
2023-06-25,98.52
2023-06-26,98.7
2023-06-27,96.67
2023-06-28,93.68
2023-06-29,98.55
2023-06-30,100.05
2023-07-01,103.3
2023-07-02,98.29
2023-07-03,101.87
2023-07-04,101.83
2023-07-05,104.45
2023-07-06,104.72
2023-07-07,100.7
2023-07-08,106.82
2023-07-09,100.52
2023-07-10,105.64
2023-07-11,101.02
2023-07-12,101.98
2023-07-13,104.16
2023-07-14,98.09
2023-07-15,100.77
2023-07-16,104.62
2023-07-17,97.96
2023-07-18,100.84
2023-07-19,105.13
2023-07-20,104.16
2023-07-21,98.63
2023-07-22,98.44
2023-07-23,97.73
2023-07-24,101.18
2023-07-25,99.4
2023-07-26,100.18
2023-07-27,100.24
2023-07-28,103.57
2023-07-29,102.41
2023-07-30,106.64
2023-07-31,107.18
2023-08-01,100.78
2023-08-02,100.85
2023-08-03,107.15
2023-08-04,97.82
2023-08-05,101.31
2023-08-06,106.98
2023-08-07,109.64
2023-08-08,100.77
2023-08-09,102.2
2023-08-10,105.72
2023-08-11,102.5
2023-08-12,101.28
2023-08-13,105.63
2023-08-14,105.06
2023-08-15,106.31
2023-08-16,103.54
2023-08-17,108.48
2023-08-18,100.05
2023-08-19,108.58
2023-08-20,103.33
2023-08-21,101.54
2023-08-22,104.12
2023-08-23,103.69
2023-08-24,102.82
2023-08-25,101.28
2023-08-26,103.8
2023-08-27,105.37
2023-08-28,105.53
2023-08-29,107.41
2023-08-30,107.07
2023-08-31,100.12
2023-09-01,102.17
2023-09-02,110.8
2023-09-03,106.44
2023-09-04,106.31
2023-09-05,106.73
2023-09-06,112.45
2023-09-07,106.12
2023-09-08,109.17
2023-09-09,113.04
2023-09-10,109.58
2023-09-11,108.36
2023-09-12,104.55
2023-09-13,107.21
2023-09-14,103.85
2023-09-15,104.51
2023-09-16,109.49
2023-09-17,102.48
2023-09-18,111.11
2023-09-19,108.67
2023-09-20,103.38
2023-09-21,103.74
2023-09-22,110.19
2023-09-23,104.09
2023-09-24,103.99
2023-09-25,107.96
2023-09-26,111.81
2023-09-27,113.44
2023-09-28,110.5
2023-09-29,109.65
2023-09-30,110.49
2023-10-01,110.74
2023-10-02,108.81
2023-10-03,104.3
2023-10-04,103.54
2023-10-05,105.8
2023-10-06,110.41
2023-10-07,104.49
2023-10-08,108.9
2023-10-09,114.75
2023-10-10,107.4
2023-10-11,104.5
2023-10-12,108.33
2023-10-13,108.94
2023-10-14,109.04
2023-10-15,107.2
2023-10-16,103.25
2023-10-17,112.73
2023-10-18,111.69
2023-10-19,106.5
2023-10-20,109.71
2023-10-21,105.29
2023-10-22,110.3
2023-10-23,107.47
2023-10-24,110.48
2023-10-25,108.91
2023-10-26,105.46
2023-10-27,109.84
2023-10-28,108.08
2023-10-29,110.24
2023-10-30,108.75
2023-10-31,109.62
2023-11-01,115.82
2023-11-02,115.7
2023-11-03,112.91
2023-11-04,112.57
2023-11-05,110.94
2023-11-06,116.57
2023-11-07,112.95
2023-11-08,182.51
2023-11-09,183.05
2023-11-10,117.45
2023-11-11,116.08
2023-11-12,111.58
2023-11-13,115.55
2023-11-14,113.14
2023-11-15,113.91
2023-11-16,102.05
2023-11-17,109.77
2023-11-18,114.34
2023-11-19,110.02
2023-11-20,110.52
2023-11-21,116.75
2023-11-22,112.63
2023-11-23,106.61
2023-11-24,115.09
2023-11-25,112.12
2023-11-26,116.34
2023-11-27,111.73
2023-11-28,107.17
2023-11-29,111.69
2023-11-30,106.4
2023-12-01,118.82
2023-12-02,119.97
2023-12-03,116.1
2023-12-04,118.14
2023-12-05,114.98
2023-12-06,117.1
2023-12-07,118.16
2023-12-08,115.54
2023-12-09,117.34
2023-12-10,113.15
2023-12-11,120.47
2023-12-12,119.09
2023-12-13,110.06
2023-12-14,113.68
2023-12-15,116.38
2023-12-16,111.97
2023-12-17,113.5
2023-12-18,115.48
2023-12-19,117.38
2023-12-20,114.38
2023-12-21,113.28
2023-12-22,120.5
2023-12-23,111.52
2023-12-24,112.54
2023-12-25,121.94
2023-12-26,115.39
2023-12-27,113.81
2023-12-28,117.84
2023-12-29,111.04
2023-12-30,115.97
2023-12-31,114.52
2024-01-01,197.32
2024-01-02,116.2
2024-01-03,110.83
2024-01-04,117.01
2024-01-05,113.28
2024-01-06,110.92
2024-01-07,116.99
2024-01-08,113.61
2024-01-09,117.08
2024-01-10,111.3
2024-01-11,115.71
2024-01-12,115.66
2024-01-13,115.98
2024-01-14,114.33
2024-01-15,120.32
2024-01-16,120.36
2024-01-17,120.35
2024-01-18,111.43
2024-01-19,117.92
2024-01-20,120.87
2024-01-21,109.99
2024-01-22,114.88
2024-01-23,111.39
2024-01-24,109.26
2024-01-25,111.45
2024-01-26,116.54
2024-01-27,123.84
2024-01-28,107.11
2024-01-29,119.24
2024-01-30,116.94
2024-01-31,120.71
2024-02-01,124.38
2024-02-02,119.87
2024-02-03,124.43
2024-02-04,125.99
2024-02-05,117.94
2024-02-06,120.75
2024-02-07,113.18
2024-02-08,122.09
2024-02-09,120.76
2024-02-10,119.33
2024-02-11,125.51
2024-02-12,119.81
2024-02-13,126.74
2024-02-14,119.08
2024-02-15,121.14
2024-02-16,173.25
2024-02-17,113.93
2024-02-18,118.25
2024-02-19,124.51
2024-02-20,124.33
2024-02-21,121.9
2024-02-22,122.37
2024-02-23,114.51
2024-02-24,121.05
2024-02-25,123.13
2024-02-26,121.7
2024-02-27,118.94
2024-02-28,120.38
2024-02-29,123.99
2024-03-01,120.73
2024-03-02,121.04
2024-03-03,118.91
2024-03-04,121.36
2024-03-05,123.37
2024-03-06,115.32
2024-03-07,118.39
2024-03-08,115.9
2024-03-09,122.1
2024-03-10,119.18
2024-03-11,120.57
2024-03-12,119.04
2024-03-13,119.36
2024-03-14,117.59
2024-03-15,119.6
2024-03-16,124.8
2024-03-17,127.96
2024-03-18,116.11
2024-03-19,120.73
2024-03-20,119.93
2024-03-21,114.71
2024-03-22,117.59
2024-03-23,126.22
2024-03-24,116.46
2024-03-25,128.41
2024-03-26,117.8
2024-03-27,124.29
2024-03-28,122.73
2024-03-29,119.89
2024-03-30,121.74
2024-03-31,123.07
2024-04-01,116.15
2024-04-02,110.78
2024-04-03,113.62
2024-04-04,105.84
2024-04-05,118.15
2024-04-06,111.52
2024-04-07,107.83
2024-04-08,117.95
2024-04-09,112.99
2024-04-10,117.84
2024-04-11,111.89
2024-04-12,114.98
2024-04-13,224.96
2024-04-14,237.38
2024-04-15,229.07
2024-04-16,111.08
2024-04-17,116.38
2024-04-18,106.99
2024-04-19,115.12
2024-04-20,118.23
2024-04-21,112.88
2024-04-22,114.37
2024-04-23,114.66
2024-04-24,109.97
2024-04-25,114.99
2024-04-26,112.08
2024-04-27,114.97
2024-04-28,109.85
2024-04-29,114.2
2024-04-30,116.86
2024-05-01,115.53
2024-05-02,121.25
2024-05-03,122.91
2024-05-04,124.15
2024-05-05,121.37
2024-05-06,118.57
2024-05-07,115.19
2024-05-08,118.5
2024-05-09,120.67
2024-05-10,122.59
2024-05-11,122.98
2024-05-12,121.09
2024-05-13,114.07
2024-05-14,123.92
2024-05-15,109.57
2024-05-16,114.39
2024-05-17,120.02
2024-05-18,117.24
2024-05-19,112.06
2024-05-20,119.06
2024-05-21,116.1
2024-05-22,119.31
2024-05-23,120.63
2024-05-24,120.75
2024-05-25,120.34
2024-05-26,180.81
2024-05-27,127.15
2024-05-28,123.69
2024-05-29,114.56
2024-05-30,123.01
2024-05-31,117.95
2024-06-01,119.35
2024-06-02,119.96
2024-06-03,124.12
2024-06-04,118.03
2024-06-05,126.27
2024-06-06,120.85
2024-06-07,128.18
2024-06-08,124.33
2024-06-09,127.16
2024-06-10,132.25
2024-06-11,124.87
2024-06-12,128.78
2024-06-13,122.02
2024-06-14,123.47
2024-06-15,128.04
2024-06-16,127.47
2024-06-17,122.52
2024-06-18,121.68
2024-06-19,122.36
2024-06-20,123.38
2024-06-21,124.32
2024-06-22,124.45
2024-06-23,128.43
2024-06-24,127.29
2024-06-25,123.98
2024-06-26,124.82
2024-06-27,127.45
2024-06-28,120.12
2024-06-29,131.24
2024-06-30,120.08
2024-07-01,124.39
2024-07-02,131.46
2024-07-03,123.72
2024-07-04,122.92
2024-07-05,123.01
2024-07-06,126.73
2024-07-07,125.28
2024-07-08,125.2
2024-07-09,127.71
2024-07-10,125.43
2024-07-11,122.95
2024-07-12,129.16
2024-07-13,124.22
2024-07-14,131.69
2024-07-15,120.86
2024-07-16,120.89
2024-07-17,122.45
2024-07-18,124.75
2024-07-19,127.87
2024-07-20,123.49
2024-07-21,126.19
2024-07-22,125.11
2024-07-23,125.37
2024-07-24,128.87
2024-07-25,123.45
2024-07-26,120.69
2024-07-27,124.79
2024-07-28,126.37
2024-07-29,124.89
2024-07-30,128.55
2024-07-31,127.15
2024-08-01,125.54
2024-08-02,128.32
2024-08-03,124.32
2024-08-04,128.79
2024-08-05,133.47
2024-08-06,134.36
2024-08-07,122.32
2024-08-08,131.66
2024-08-09,136.27
2024-08-10,125.5
2024-08-11,135.72
2024-08-12,122.38
2024-08-13,126.86
2024-08-14,134.35
2024-08-15,134.84
2024-08-16,126.47
2024-08-17,128.7
2024-08-18,125.0
2024-08-19,126.46
2024-08-20,125.32
2024-08-21,124.89
2024-08-22,133.08
2024-08-23,123.33
2024-08-24,130.67
2024-08-25,124.81
2024-08-26,123.76
2024-08-27,128.68
2024-08-28,126.62
2024-08-29,124.86
2024-08-30,128.4
2024-08-31,129.44
2024-09-01,126.86
2024-09-02,125.76
2024-09-03,130.53
2024-09-04,126.11
2024-09-05,126.96
2024-09-06,132.6
2024-09-07,132.69
2024-09-08,129.24
2024-09-09,134.41
2024-09-10,130.12
2024-09-11,138.63
2024-09-12,126.15
2024-09-13,127.78
2024-09-14,132.78
2024-09-15,131.49
2024-09-16,133.33
2024-09-17,133.15
2024-09-18,134.55
2024-09-19,130.54
2024-09-20,128.82
2024-09-21,129.35
2024-09-22,129.17
2024-09-23,131.16
2024-09-24,135.09
2024-09-25,133.66
2024-09-26,125.65
2024-09-27,127.91
2024-09-28,133.02
2024-09-29,132.71
2024-09-30,136.86
2024-10-01,126.26
2024-10-02,133.25
2024-10-03,135.72
2024-10-04,131.45
2024-10-05,135.19
2024-10-06,133.44
2024-10-07,129.57
2024-10-08,129.79
2024-10-09,131.47
2024-10-10,132.29
2024-10-11,132.29
2024-10-12,134.79
2024-10-13,132.18
2024-10-14,128.44
2024-10-15,133.12
2024-10-16,130.21
2024-10-17,132.56
2024-10-18,126.86
2024-10-19,135.06
2024-10-20,132.54
2024-10-21,138.82
2024-10-22,120.8
2024-10-23,132.03
2024-10-24,130.45
2024-10-25,130.82
2024-10-26,134.25
2024-10-27,134.14
2024-10-28,132.05
2024-10-29,137.72
2024-10-30,127.86
2024-10-31,127.88
2024-11-01,143.37
2024-11-02,132.85
2024-11-03,128.19
2024-11-04,133.86
2024-11-05,136.6
2024-11-06,137.61
2024-11-07,136.08
2024-11-08,208.56
2024-11-09,212.75
2024-11-10,133.39
2024-11-11,131.94
2024-11-12,136.77
2024-11-13,133.7
2024-11-14,123.63
2024-11-15,140.79
2024-11-16,130.25
2024-11-17,128.7
2024-11-18,136.19
2024-11-19,136.68
2024-11-20,134.64
2024-11-21,132.78
2024-11-22,135.5
2024-11-23,137.44
2024-11-24,130.44
2024-11-25,129.64
2024-11-26,134.01
2024-11-27,136.27
2024-11-28,131.67
2024-11-29,126.63
2024-11-30,134.11
